x,y,z,scalar,1,1,1,0.5
0,	0.000010,	0.000010,	0.000010,	0.000281
1,	0.000030,	0.000010,	0.000010,	0.000281
2,	0.000050,	0.000010,	0.000010,	0.000281
3,	0.000070,	0.000010,	0.000010,	0.000281
4,	0.000090,	0.000010,	0.000010,	0.000281
5,	0.000110,	0.000010,	0.000010,	0.000281
6,	0.000130,	0.000010,	0.000010,	0.000281
7,	0.000150,	0.000010,	0.000010,	0.000281
8,	0.000170,	0.000010,	0.000010,	0.000281
9,	0.000190,	0.000010,	0.000010,	0.000281
10,	0.000010,	0.000030,	0.000010,	0.000281
11,	0.000030,	0.000030,	0.000010,	0.000281
12,	0.000050,	0.000030,	0.000010,	0.000281
13,	0.000070,	0.000030,	0.000010,	0.000281
14,	0.000090,	0.000030,	0.000010,	0.000281
15,	0.000110,	0.000030,	0.000010,	0.000281
16,	0.000130,	0.000030,	0.000010,	0.000281
17,	0.000150,	0.000030,	0.000010,	0.000281
18,	0.000170,	0.000030,	0.000010,	0.000281
19,	0.000190,	0.000030,	0.000010,	0.000281
20,	0.000010,	0.000050,	0.000010,	0.000281
21,	0.000030,	0.000050,	0.000010,	0.000281
22,	0.000050,	0.000050,	0.000010,	0.000281
23,	0.000070,	0.000050,	0.000010,	0.000281
24,	0.000090,	0.000050,	0.000010,	0.000281
25,	0.000110,	0.000050,	0.000010,	0.000281
26,	0.000130,	0.000050,	0.000010,	0.000281
27,	0.000150,	0.000050,	0.000010,	0.000281
28,	0.000170,	0.000050,	0.000010,	0.000281
29,	0.000190,	0.000050,	0.000010,	0.000281
30,	0.000010,	0.000070,	0.000010,	0.000281
31,	0.000030,	0.000070,	0.000010,	0.000281
32,	0.000050,	0.000070,	0.000010,	0.000281
33,	0.000070,	0.000070,	0.000010,	0.000281
34,	0.000090,	0.000070,	0.000010,	0.000281
35,	0.000110,	0.000070,	0.000010,	0.000281
36,	0.000130,	0.000070,	0.000010,	0.000281
37,	0.000150,	0.000070,	0.000010,	0.000281
38,	0.000170,	0.000070,	0.000010,	0.000281
39,	0.000190,	0.000070,	0.000010,	0.000281
40,	0.000010,	0.000090,	0.000010,	0.000281
41,	0.000030,	0.000090,	0.000010,	0.000281
42,	0.000050,	0.000090,	0.000010,	0.000281
43,	0.000070,	0.000090,	0.000010,	0.000281
44,	0.000090,	0.000090,	0.000010,	0.000281
45,	0.000110,	0.000090,	0.000010,	0.000281
46,	0.000130,	0.000090,	0.000010,	0.000281
47,	0.000150,	0.000090,	0.000010,	0.000281
48,	0.000170,	0.000090,	0.000010,	0.000281
49,	0.000190,	0.000090,	0.000010,	0.000281
50,	0.000010,	0.000110,	0.000010,	0.000281
51,	0.000030,	0.000110,	0.000010,	0.000281
52,	0.000050,	0.000110,	0.000010,	0.000281
53,	0.000070,	0.000110,	0.000010,	0.000281
54,	0.000090,	0.000110,	0.000010,	0.000281
55,	0.000110,	0.000110,	0.000010,	0.000281
56,	0.000130,	0.000110,	0.000010,	0.000281
57,	0.000150,	0.000110,	0.000010,	0.000281
58,	0.000170,	0.000110,	0.000010,	0.000281
59,	0.000190,	0.000110,	0.000010,	0.000281
60,	0.000010,	0.000130,	0.000010,	0.000281
61,	0.000030,	0.000130,	0.000010,	0.000281
62,	0.000050,	0.000130,	0.000010,	0.000281
63,	0.000070,	0.000130,	0.000010,	0.000281
64,	0.000090,	0.000130,	0.000010,	0.000281
65,	0.000110,	0.000130,	0.000010,	0.000281
66,	0.000130,	0.000130,	0.000010,	0.000281
67,	0.000150,	0.000130,	0.000010,	0.000281
68,	0.000170,	0.000130,	0.000010,	0.000281
69,	0.000190,	0.000130,	0.000010,	0.000281
70,	0.000010,	0.000150,	0.000010,	0.000281
71,	0.000030,	0.000150,	0.000010,	0.000281
72,	0.000050,	0.000150,	0.000010,	0.000281
73,	0.000070,	0.000150,	0.000010,	0.000281
74,	0.000090,	0.000150,	0.000010,	0.000281
75,	0.000110,	0.000150,	0.000010,	0.000281
76,	0.000130,	0.000150,	0.000010,	0.000281
77,	0.000150,	0.000150,	0.000010,	0.000281
78,	0.000170,	0.000150,	0.000010,	0.000281
79,	0.000190,	0.000150,	0.000010,	0.000281
80,	0.000010,	0.000170,	0.000010,	0.000281
81,	0.000030,	0.000170,	0.000010,	0.000281
82,	0.000050,	0.000170,	0.000010,	0.000281
83,	0.000070,	0.000170,	0.000010,	0.000281
84,	0.000090,	0.000170,	0.000010,	0.000281
85,	0.000110,	0.000170,	0.000010,	0.000281
86,	0.000130,	0.000170,	0.000010,	0.000281
87,	0.000150,	0.000170,	0.000010,	0.000281
88,	0.000170,	0.000170,	0.000010,	0.000281
89,	0.000190,	0.000170,	0.000010,	0.000281
90,	0.000010,	0.000190,	0.000010,	0.000281
91,	0.000030,	0.000190,	0.000010,	0.000281
92,	0.000050,	0.000190,	0.000010,	0.000281
93,	0.000070,	0.000190,	0.000010,	0.000281
94,	0.000090,	0.000190,	0.000010,	0.000281
95,	0.000110,	0.000190,	0.000010,	0.000281
96,	0.000130,	0.000190,	0.000010,	0.000281
97,	0.000150,	0.000190,	0.000010,	0.000281
98,	0.000170,	0.000190,	0.000010,	0.000281
99,	0.000190,	0.000190,	0.000010,	0.000281
100,	0.000010,	0.000010,	0.000030,	0.000281
101,	0.000030,	0.000010,	0.000030,	0.000281
102,	0.000050,	0.000010,	0.000030,	0.000281
103,	0.000070,	0.000010,	0.000030,	0.000281
104,	0.000090,	0.000010,	0.000030,	0.000281
105,	0.000110,	0.000010,	0.000030,	0.000281
106,	0.000130,	0.000010,	0.000030,	0.000281
107,	0.000150,	0.000010,	0.000030,	0.000281
108,	0.000170,	0.000010,	0.000030,	0.000281
109,	0.000190,	0.000010,	0.000030,	0.000281
110,	0.000010,	0.000030,	0.000030,	0.000281
111,	0.000030,	0.000030,	0.000030,	0.000281
112,	0.000050,	0.000030,	0.000030,	0.000281
113,	0.000070,	0.000030,	0.000030,	0.000281
114,	0.000090,	0.000030,	0.000030,	0.000281
115,	0.000110,	0.000030,	0.000030,	0.000281
116,	0.000130,	0.000030,	0.000030,	0.000281
117,	0.000150,	0.000030,	0.000030,	0.000281
118,	0.000170,	0.000030,	0.000030,	0.000281
119,	0.000190,	0.000030,	0.000030,	0.000281
120,	0.000010,	0.000050,	0.000030,	0.000281
121,	0.000030,	0.000050,	0.000030,	0.000281
122,	0.000050,	0.000050,	0.000030,	0.000281
123,	0.000070,	0.000050,	0.000030,	0.000281
124,	0.000090,	0.000050,	0.000030,	0.000281
125,	0.000110,	0.000050,	0.000030,	0.000281
126,	0.000130,	0.000050,	0.000030,	0.000281
127,	0.000150,	0.000050,	0.000030,	0.000281
128,	0.000170,	0.000050,	0.000030,	0.000281
129,	0.000190,	0.000050,	0.000030,	0.000281
130,	0.000010,	0.000070,	0.000030,	0.000281
131,	0.000030,	0.000070,	0.000030,	0.000281
132,	0.000050,	0.000070,	0.000030,	0.000281
133,	0.000070,	0.000070,	0.000030,	0.000281
134,	0.000090,	0.000070,	0.000030,	0.000281
135,	0.000110,	0.000070,	0.000030,	0.000281
136,	0.000130,	0.000070,	0.000030,	0.000281
137,	0.000150,	0.000070,	0.000030,	0.000281
138,	0.000170,	0.000070,	0.000030,	0.000281
139,	0.000190,	0.000070,	0.000030,	0.000281
140,	0.000010,	0.000090,	0.000030,	0.000281
141,	0.000030,	0.000090,	0.000030,	0.000281
142,	0.000050,	0.000090,	0.000030,	0.000281
143,	0.000070,	0.000090,	0.000030,	0.000281
144,	0.000090,	0.000090,	0.000030,	0.000281
145,	0.000110,	0.000090,	0.000030,	0.000281
146,	0.000130,	0.000090,	0.000030,	0.000281
147,	0.000150,	0.000090,	0.000030,	0.000281
148,	0.000170,	0.000090,	0.000030,	0.000281
149,	0.000190,	0.000090,	0.000030,	0.000281
150,	0.000010,	0.000110,	0.000030,	0.000281
151,	0.000030,	0.000110,	0.000030,	0.000281
152,	0.000050,	0.000110,	0.000030,	0.000281
153,	0.000070,	0.000110,	0.000030,	0.000281
154,	0.000090,	0.000110,	0.000030,	0.000281
155,	0.000110,	0.000110,	0.000030,	0.000281
156,	0.000130,	0.000110,	0.000030,	0.000281
157,	0.000150,	0.000110,	0.000030,	0.000281
158,	0.000170,	0.000110,	0.000030,	0.000281
159,	0.000190,	0.000110,	0.000030,	0.000281
160,	0.000010,	0.000130,	0.000030,	0.000281
161,	0.000030,	0.000130,	0.000030,	0.000281
162,	0.000050,	0.000130,	0.000030,	0.000281
163,	0.000070,	0.000130,	0.000030,	0.000281
164,	0.000090,	0.000130,	0.000030,	0.000281
165,	0.000110,	0.000130,	0.000030,	0.000281
166,	0.000130,	0.000130,	0.000030,	0.000281
167,	0.000150,	0.000130,	0.000030,	0.000281
168,	0.000170,	0.000130,	0.000030,	0.000281
169,	0.000190,	0.000130,	0.000030,	0.000281
170,	0.000010,	0.000150,	0.000030,	0.000281
171,	0.000030,	0.000150,	0.000030,	0.000281
172,	0.000050,	0.000150,	0.000030,	0.000281
173,	0.000070,	0.000150,	0.000030,	0.000281
174,	0.000090,	0.000150,	0.000030,	0.000281
175,	0.000110,	0.000150,	0.000030,	0.000281
176,	0.000130,	0.000150,	0.000030,	0.000281
177,	0.000150,	0.000150,	0.000030,	0.000281
178,	0.000170,	0.000150,	0.000030,	0.000281
179,	0.000190,	0.000150,	0.000030,	0.000281
180,	0.000010,	0.000170,	0.000030,	0.000281
181,	0.000030,	0.000170,	0.000030,	0.000281
182,	0.000050,	0.000170,	0.000030,	0.000281
183,	0.000070,	0.000170,	0.000030,	0.000281
184,	0.000090,	0.000170,	0.000030,	0.000281
185,	0.000110,	0.000170,	0.000030,	0.000281
186,	0.000130,	0.000170,	0.000030,	0.000281
187,	0.000150,	0.000170,	0.000030,	0.000281
188,	0.000170,	0.000170,	0.000030,	0.000281
189,	0.000190,	0.000170,	0.000030,	0.000281
190,	0.000010,	0.000190,	0.000030,	0.000281
191,	0.000030,	0.000190,	0.000030,	0.000281
192,	0.000050,	0.000190,	0.000030,	0.000281
193,	0.000070,	0.000190,	0.000030,	0.000281
194,	0.000090,	0.000190,	0.000030,	0.000281
195,	0.000110,	0.000190,	0.000030,	0.000281
196,	0.000130,	0.000190,	0.000030,	0.000281
197,	0.000150,	0.000190,	0.000030,	0.000281
198,	0.000170,	0.000190,	0.000030,	0.000281
199,	0.000190,	0.000190,	0.000030,	0.000281
200,	0.000010,	0.000010,	0.000050,	0.000281
201,	0.000030,	0.000010,	0.000050,	0.000281
202,	0.000050,	0.000010,	0.000050,	0.000281
203,	0.000070,	0.000010,	0.000050,	0.000281
204,	0.000090,	0.000010,	0.000050,	0.000281
205,	0.000110,	0.000010,	0.000050,	0.000281
206,	0.000130,	0.000010,	0.000050,	0.000281
207,	0.000150,	0.000010,	0.000050,	0.000281
208,	0.000170,	0.000010,	0.000050,	0.000281
209,	0.000190,	0.000010,	0.000050,	0.000281
210,	0.000010,	0.000030,	0.000050,	0.000281
211,	0.000030,	0.000030,	0.000050,	0.000281
212,	0.000050,	0.000030,	0.000050,	0.000281
213,	0.000070,	0.000030,	0.000050,	0.000281
214,	0.000090,	0.000030,	0.000050,	0.000281
215,	0.000110,	0.000030,	0.000050,	0.000281
216,	0.000130,	0.000030,	0.000050,	0.000281
217,	0.000150,	0.000030,	0.000050,	0.000281
218,	0.000170,	0.000030,	0.000050,	0.000281
219,	0.000190,	0.000030,	0.000050,	0.000281
220,	0.000010,	0.000050,	0.000050,	0.000281
221,	0.000030,	0.000050,	0.000050,	0.000281
222,	0.000050,	0.000050,	0.000050,	0.000281
223,	0.000070,	0.000050,	0.000050,	0.000281
224,	0.000090,	0.000050,	0.000050,	0.000281
225,	0.000110,	0.000050,	0.000050,	0.000281
226,	0.000130,	0.000050,	0.000050,	0.000281
227,	0.000150,	0.000050,	0.000050,	0.000281
228,	0.000170,	0.000050,	0.000050,	0.000281
229,	0.000190,	0.000050,	0.000050,	0.000281
230,	0.000010,	0.000070,	0.000050,	0.000281
231,	0.000030,	0.000070,	0.000050,	0.000281
232,	0.000050,	0.000070,	0.000050,	0.000281
233,	0.000070,	0.000070,	0.000050,	0.000281
234,	0.000090,	0.000070,	0.000050,	0.000281
235,	0.000110,	0.000070,	0.000050,	0.000281
236,	0.000130,	0.000070,	0.000050,	0.000281
237,	0.000150,	0.000070,	0.000050,	0.000281
238,	0.000170,	0.000070,	0.000050,	0.000281
239,	0.000190,	0.000070,	0.000050,	0.000281
240,	0.000010,	0.000090,	0.000050,	0.000281
241,	0.000030,	0.000090,	0.000050,	0.000281
242,	0.000050,	0.000090,	0.000050,	0.000281
243,	0.000070,	0.000090,	0.000050,	0.000281
244,	0.000090,	0.000090,	0.000050,	0.000281
245,	0.000110,	0.000090,	0.000050,	0.000281
246,	0.000130,	0.000090,	0.000050,	0.000281
247,	0.000150,	0.000090,	0.000050,	0.000281
248,	0.000170,	0.000090,	0.000050,	0.000281
249,	0.000190,	0.000090,	0.000050,	0.000281
250,	0.000010,	0.000110,	0.000050,	0.000281
251,	0.000030,	0.000110,	0.000050,	0.000281
252,	0.000050,	0.000110,	0.000050,	0.000281
253,	0.000070,	0.000110,	0.000050,	0.000281
254,	0.000090,	0.000110,	0.000050,	0.000281
255,	0.000110,	0.000110,	0.000050,	0.000281
256,	0.000130,	0.000110,	0.000050,	0.000281
257,	0.000150,	0.000110,	0.000050,	0.000281
258,	0.000170,	0.000110,	0.000050,	0.000281
259,	0.000190,	0.000110,	0.000050,	0.000281
260,	0.000010,	0.000130,	0.000050,	0.000281
261,	0.000030,	0.000130,	0.000050,	0.000281
262,	0.000050,	0.000130,	0.000050,	0.000281
263,	0.000070,	0.000130,	0.000050,	0.000281
264,	0.000090,	0.000130,	0.000050,	0.000281
265,	0.000110,	0.000130,	0.000050,	0.000281
266,	0.000130,	0.000130,	0.000050,	0.000281
267,	0.000150,	0.000130,	0.000050,	0.000281
268,	0.000170,	0.000130,	0.000050,	0.000281
269,	0.000190,	0.000130,	0.000050,	0.000281
270,	0.000010,	0.000150,	0.000050,	0.000281
271,	0.000030,	0.000150,	0.000050,	0.000281
272,	0.000050,	0.000150,	0.000050,	0.000281
273,	0.000070,	0.000150,	0.000050,	0.000281
274,	0.000090,	0.000150,	0.000050,	0.000281
275,	0.000110,	0.000150,	0.000050,	0.000281
276,	0.000130,	0.000150,	0.000050,	0.000281
277,	0.000150,	0.000150,	0.000050,	0.000281
278,	0.000170,	0.000150,	0.000050,	0.000281
279,	0.000190,	0.000150,	0.000050,	0.000281
280,	0.000010,	0.000170,	0.000050,	0.000281
281,	0.000030,	0.000170,	0.000050,	0.000281
282,	0.000050,	0.000170,	0.000050,	0.000281
283,	0.000070,	0.000170,	0.000050,	0.000281
284,	0.000090,	0.000170,	0.000050,	0.000281
285,	0.000110,	0.000170,	0.000050,	0.000281
286,	0.000130,	0.000170,	0.000050,	0.000281
287,	0.000150,	0.000170,	0.000050,	0.000281
288,	0.000170,	0.000170,	0.000050,	0.000281
289,	0.000190,	0.000170,	0.000050,	0.000281
290,	0.000010,	0.000190,	0.000050,	0.000281
291,	0.000030,	0.000190,	0.000050,	0.000281
292,	0.000050,	0.000190,	0.000050,	0.000281
293,	0.000070,	0.000190,	0.000050,	0.000281
294,	0.000090,	0.000190,	0.000050,	0.000281
295,	0.000110,	0.000190,	0.000050,	0.000281
296,	0.000130,	0.000190,	0.000050,	0.000281
297,	0.000150,	0.000190,	0.000050,	0.000281
298,	0.000170,	0.000190,	0.000050,	0.000281
299,	0.000190,	0.000190,	0.000050,	0.000281
300,	0.000010,	0.000010,	0.000070,	0.000281
301,	0.000030,	0.000010,	0.000070,	0.000281
302,	0.000050,	0.000010,	0.000070,	0.000281
303,	0.000070,	0.000010,	0.000070,	0.000281
304,	0.000090,	0.000010,	0.000070,	0.000281
305,	0.000110,	0.000010,	0.000070,	0.000281
306,	0.000130,	0.000010,	0.000070,	0.000281
307,	0.000150,	0.000010,	0.000070,	0.000281
308,	0.000170,	0.000010,	0.000070,	0.000281
309,	0.000190,	0.000010,	0.000070,	0.000281
310,	0.000010,	0.000030,	0.000070,	0.000281
311,	0.000030,	0.000030,	0.000070,	0.000281
312,	0.000050,	0.000030,	0.000070,	0.000281
313,	0.000070,	0.000030,	0.000070,	0.000281
314,	0.000090,	0.000030,	0.000070,	0.000281
315,	0.000110,	0.000030,	0.000070,	0.000281
316,	0.000130,	0.000030,	0.000070,	0.000281
317,	0.000150,	0.000030,	0.000070,	0.000281
318,	0.000170,	0.000030,	0.000070,	0.000281
319,	0.000190,	0.000030,	0.000070,	0.000281
320,	0.000010,	0.000050,	0.000070,	0.000281
321,	0.000030,	0.000050,	0.000070,	0.000281
322,	0.000050,	0.000050,	0.000070,	0.000281
323,	0.000070,	0.000050,	0.000070,	0.000281
324,	0.000090,	0.000050,	0.000070,	0.000281
325,	0.000110,	0.000050,	0.000070,	0.000281
326,	0.000130,	0.000050,	0.000070,	0.000281
327,	0.000150,	0.000050,	0.000070,	0.000281
328,	0.000170,	0.000050,	0.000070,	0.000281
329,	0.000190,	0.000050,	0.000070,	0.000281
330,	0.000010,	0.000070,	0.000070,	0.000281
331,	0.000030,	0.000070,	0.000070,	0.000281
332,	0.000050,	0.000070,	0.000070,	0.000281
333,	0.000070,	0.000070,	0.000070,	0.000281
334,	0.000090,	0.000070,	0.000070,	0.000281
335,	0.000110,	0.000070,	0.000070,	0.000281
336,	0.000130,	0.000070,	0.000070,	0.000281
337,	0.000150,	0.000070,	0.000070,	0.000281
338,	0.000170,	0.000070,	0.000070,	0.000281
339,	0.000190,	0.000070,	0.000070,	0.000281
340,	0.000010,	0.000090,	0.000070,	0.000281
341,	0.000030,	0.000090,	0.000070,	0.000281
342,	0.000050,	0.000090,	0.000070,	0.000281
343,	0.000070,	0.000090,	0.000070,	0.000281
344,	0.000090,	0.000090,	0.000070,	0.000281
345,	0.000110,	0.000090,	0.000070,	0.000281
346,	0.000130,	0.000090,	0.000070,	0.000281
347,	0.000150,	0.000090,	0.000070,	0.000281
348,	0.000170,	0.000090,	0.000070,	0.000281
349,	0.000190,	0.000090,	0.000070,	0.000281
350,	0.000010,	0.000110,	0.000070,	0.000281
351,	0.000030,	0.000110,	0.000070,	0.000281
352,	0.000050,	0.000110,	0.000070,	0.000281
353,	0.000070,	0.000110,	0.000070,	0.000281
354,	0.000090,	0.000110,	0.000070,	0.000281
355,	0.000110,	0.000110,	0.000070,	0.000281
356,	0.000130,	0.000110,	0.000070,	0.000281
357,	0.000150,	0.000110,	0.000070,	0.000281
358,	0.000170,	0.000110,	0.000070,	0.000281
359,	0.000190,	0.000110,	0.000070,	0.000281
360,	0.000010,	0.000130,	0.000070,	0.000281
361,	0.000030,	0.000130,	0.000070,	0.000281
362,	0.000050,	0.000130,	0.000070,	0.000281
363,	0.000070,	0.000130,	0.000070,	0.000281
364,	0.000090,	0.000130,	0.000070,	0.000281
365,	0.000110,	0.000130,	0.000070,	0.000281
366,	0.000130,	0.000130,	0.000070,	0.000281
367,	0.000150,	0.000130,	0.000070,	0.000281
368,	0.000170,	0.000130,	0.000070,	0.000281
369,	0.000190,	0.000130,	0.000070,	0.000281
370,	0.000010,	0.000150,	0.000070,	0.000281
371,	0.000030,	0.000150,	0.000070,	0.000281
372,	0.000050,	0.000150,	0.000070,	0.000281
373,	0.000070,	0.000150,	0.000070,	0.000281
374,	0.000090,	0.000150,	0.000070,	0.000281
375,	0.000110,	0.000150,	0.000070,	0.000281
376,	0.000130,	0.000150,	0.000070,	0.000281
377,	0.000150,	0.000150,	0.000070,	0.000281
378,	0.000170,	0.000150,	0.000070,	0.000281
379,	0.000190,	0.000150,	0.000070,	0.000281
380,	0.000010,	0.000170,	0.000070,	0.000281
381,	0.000030,	0.000170,	0.000070,	0.000281
382,	0.000050,	0.000170,	0.000070,	0.000281
383,	0.000070,	0.000170,	0.000070,	0.000281
384,	0.000090,	0.000170,	0.000070,	0.000281
385,	0.000110,	0.000170,	0.000070,	0.000281
386,	0.000130,	0.000170,	0.000070,	0.000281
387,	0.000150,	0.000170,	0.000070,	0.000281
388,	0.000170,	0.000170,	0.000070,	0.000281
389,	0.000190,	0.000170,	0.000070,	0.000281
390,	0.000010,	0.000190,	0.000070,	0.000281
391,	0.000030,	0.000190,	0.000070,	0.000281
392,	0.000050,	0.000190,	0.000070,	0.000281
393,	0.000070,	0.000190,	0.000070,	0.000281
394,	0.000090,	0.000190,	0.000070,	0.000281
395,	0.000110,	0.000190,	0.000070,	0.000281
396,	0.000130,	0.000190,	0.000070,	0.000281
397,	0.000150,	0.000190,	0.000070,	0.000281
398,	0.000170,	0.000190,	0.000070,	0.000281
399,	0.000190,	0.000190,	0.000070,	0.000281
400,	0.000010,	0.000010,	0.000090,	0.000281
401,	0.000030,	0.000010,	0.000090,	0.000281
402,	0.000050,	0.000010,	0.000090,	0.000281
403,	0.000070,	0.000010,	0.000090,	0.000281
404,	0.000090,	0.000010,	0.000090,	0.000281
405,	0.000110,	0.000010,	0.000090,	0.000281
406,	0.000130,	0.000010,	0.000090,	0.000281
407,	0.000150,	0.000010,	0.000090,	0.000281
408,	0.000170,	0.000010,	0.000090,	0.000281
409,	0.000190,	0.000010,	0.000090,	0.000281
410,	0.000010,	0.000030,	0.000090,	0.000281
411,	0.000030,	0.000030,	0.000090,	0.000281
412,	0.000050,	0.000030,	0.000090,	0.000281
413,	0.000070,	0.000030,	0.000090,	0.000281
414,	0.000090,	0.000030,	0.000090,	0.000281
415,	0.000110,	0.000030,	0.000090,	0.000281
416,	0.000130,	0.000030,	0.000090,	0.000281
417,	0.000150,	0.000030,	0.000090,	0.000281
418,	0.000170,	0.000030,	0.000090,	0.000281
419,	0.000190,	0.000030,	0.000090,	0.000281
420,	0.000010,	0.000050,	0.000090,	0.000281
421,	0.000030,	0.000050,	0.000090,	0.000281
422,	0.000050,	0.000050,	0.000090,	0.000281
423,	0.000070,	0.000050,	0.000090,	0.000281
424,	0.000090,	0.000050,	0.000090,	0.000281
425,	0.000110,	0.000050,	0.000090,	0.000281
426,	0.000130,	0.000050,	0.000090,	0.000281
427,	0.000150,	0.000050,	0.000090,	0.000281
428,	0.000170,	0.000050,	0.000090,	0.000281
429,	0.000190,	0.000050,	0.000090,	0.000281
430,	0.000010,	0.000070,	0.000090,	0.000281
431,	0.000030,	0.000070,	0.000090,	0.000281
432,	0.000050,	0.000070,	0.000090,	0.000281
433,	0.000070,	0.000070,	0.000090,	0.000281
434,	0.000090,	0.000070,	0.000090,	0.000281
435,	0.000110,	0.000070,	0.000090,	0.000281
436,	0.000130,	0.000070,	0.000090,	0.000281
437,	0.000150,	0.000070,	0.000090,	0.000281
438,	0.000170,	0.000070,	0.000090,	0.000281
439,	0.000190,	0.000070,	0.000090,	0.000281
440,	0.000010,	0.000090,	0.000090,	0.000281
441,	0.000030,	0.000090,	0.000090,	0.000281
442,	0.000050,	0.000090,	0.000090,	0.000281
443,	0.000070,	0.000090,	0.000090,	0.000281
444,	0.000090,	0.000090,	0.000090,	0.000281
445,	0.000110,	0.000090,	0.000090,	0.000281
446,	0.000130,	0.000090,	0.000090,	0.000281
447,	0.000150,	0.000090,	0.000090,	0.000281
448,	0.000170,	0.000090,	0.000090,	0.000281
449,	0.000190,	0.000090,	0.000090,	0.000281
450,	0.000010,	0.000110,	0.000090,	0.000281
451,	0.000030,	0.000110,	0.000090,	0.000281
452,	0.000050,	0.000110,	0.000090,	0.000281
453,	0.000070,	0.000110,	0.000090,	0.000281
454,	0.000090,	0.000110,	0.000090,	0.000281
455,	0.000110,	0.000110,	0.000090,	0.000281
456,	0.000130,	0.000110,	0.000090,	0.000281
457,	0.000150,	0.000110,	0.000090,	0.000281
458,	0.000170,	0.000110,	0.000090,	0.000281
459,	0.000190,	0.000110,	0.000090,	0.000281
460,	0.000010,	0.000130,	0.000090,	0.000281
461,	0.000030,	0.000130,	0.000090,	0.000281
462,	0.000050,	0.000130,	0.000090,	0.000281
463,	0.000070,	0.000130,	0.000090,	0.000281
464,	0.000090,	0.000130,	0.000090,	0.000281
465,	0.000110,	0.000130,	0.000090,	0.000281
466,	0.000130,	0.000130,	0.000090,	0.000281
467,	0.000150,	0.000130,	0.000090,	0.000281
468,	0.000170,	0.000130,	0.000090,	0.000281
469,	0.000190,	0.000130,	0.000090,	0.000281
470,	0.000010,	0.000150,	0.000090,	0.000281
471,	0.000030,	0.000150,	0.000090,	0.000281
472,	0.000050,	0.000150,	0.000090,	0.000281
473,	0.000070,	0.000150,	0.000090,	0.000281
474,	0.000090,	0.000150,	0.000090,	0.000281
475,	0.000110,	0.000150,	0.000090,	0.000281
476,	0.000130,	0.000150,	0.000090,	0.000281
477,	0.000150,	0.000150,	0.000090,	0.000281
478,	0.000170,	0.000150,	0.000090,	0.000281
479,	0.000190,	0.000150,	0.000090,	0.000281
480,	0.000010,	0.000170,	0.000090,	0.000281
481,	0.000030,	0.000170,	0.000090,	0.000281
482,	0.000050,	0.000170,	0.000090,	0.000281
483,	0.000070,	0.000170,	0.000090,	0.000281
484,	0.000090,	0.000170,	0.000090,	0.000281
485,	0.000110,	0.000170,	0.000090,	0.000281
486,	0.000130,	0.000170,	0.000090,	0.000281
487,	0.000150,	0.000170,	0.000090,	0.000281
488,	0.000170,	0.000170,	0.000090,	0.000281
489,	0.000190,	0.000170,	0.000090,	0.000281
490,	0.000010,	0.000190,	0.000090,	0.000281
491,	0.000030,	0.000190,	0.000090,	0.000281
492,	0.000050,	0.000190,	0.000090,	0.000281
493,	0.000070,	0.000190,	0.000090,	0.000281
494,	0.000090,	0.000190,	0.000090,	0.000281
495,	0.000110,	0.000190,	0.000090,	0.000281
496,	0.000130,	0.000190,	0.000090,	0.000281
497,	0.000150,	0.000190,	0.000090,	0.000281
498,	0.000170,	0.000190,	0.000090,	0.000281
499,	0.000190,	0.000190,	0.000090,	0.000281
500,	0.000010,	0.000010,	0.000110,	0.000281
501,	0.000030,	0.000010,	0.000110,	0.000281
502,	0.000050,	0.000010,	0.000110,	0.000281
503,	0.000070,	0.000010,	0.000110,	0.000281
504,	0.000090,	0.000010,	0.000110,	0.000281
505,	0.000110,	0.000010,	0.000110,	0.000281
506,	0.000130,	0.000010,	0.000110,	0.000281
507,	0.000150,	0.000010,	0.000110,	0.000281
508,	0.000170,	0.000010,	0.000110,	0.000281
509,	0.000190,	0.000010,	0.000110,	0.000281
510,	0.000010,	0.000030,	0.000110,	0.000281
511,	0.000030,	0.000030,	0.000110,	0.000281
512,	0.000050,	0.000030,	0.000110,	0.000281
513,	0.000070,	0.000030,	0.000110,	0.000281
514,	0.000090,	0.000030,	0.000110,	0.000281
515,	0.000110,	0.000030,	0.000110,	0.000281
516,	0.000130,	0.000030,	0.000110,	0.000281
517,	0.000150,	0.000030,	0.000110,	0.000281
518,	0.000170,	0.000030,	0.000110,	0.000281
519,	0.000190,	0.000030,	0.000110,	0.000281
520,	0.000010,	0.000050,	0.000110,	0.000281
521,	0.000030,	0.000050,	0.000110,	0.000281
522,	0.000050,	0.000050,	0.000110,	0.000281
523,	0.000070,	0.000050,	0.000110,	0.000281
524,	0.000090,	0.000050,	0.000110,	0.000281
525,	0.000110,	0.000050,	0.000110,	0.000281
526,	0.000130,	0.000050,	0.000110,	0.000281
527,	0.000150,	0.000050,	0.000110,	0.000281
528,	0.000170,	0.000050,	0.000110,	0.000281
529,	0.000190,	0.000050,	0.000110,	0.000281
530,	0.000010,	0.000070,	0.000110,	0.000281
531,	0.000030,	0.000070,	0.000110,	0.000281
532,	0.000050,	0.000070,	0.000110,	0.000281
533,	0.000070,	0.000070,	0.000110,	0.000281
534,	0.000090,	0.000070,	0.000110,	0.000281
535,	0.000110,	0.000070,	0.000110,	0.000281
536,	0.000130,	0.000070,	0.000110,	0.000281
537,	0.000150,	0.000070,	0.000110,	0.000281
538,	0.000170,	0.000070,	0.000110,	0.000281
539,	0.000190,	0.000070,	0.000110,	0.000281
540,	0.000010,	0.000090,	0.000110,	0.000281
541,	0.000030,	0.000090,	0.000110,	0.000281
542,	0.000050,	0.000090,	0.000110,	0.000281
543,	0.000070,	0.000090,	0.000110,	0.000281
544,	0.000090,	0.000090,	0.000110,	0.000281
545,	0.000110,	0.000090,	0.000110,	0.000281
546,	0.000130,	0.000090,	0.000110,	0.000281
547,	0.000150,	0.000090,	0.000110,	0.000281
548,	0.000170,	0.000090,	0.000110,	0.000281
549,	0.000190,	0.000090,	0.000110,	0.000281
550,	0.000010,	0.000110,	0.000110,	0.000281
551,	0.000030,	0.000110,	0.000110,	0.000281
552,	0.000050,	0.000110,	0.000110,	0.000281
553,	0.000070,	0.000110,	0.000110,	0.000281
554,	0.000090,	0.000110,	0.000110,	0.000281
555,	0.000110,	0.000110,	0.000110,	0.000281
556,	0.000130,	0.000110,	0.000110,	0.000281
557,	0.000150,	0.000110,	0.000110,	0.000281
558,	0.000170,	0.000110,	0.000110,	0.000281
559,	0.000190,	0.000110,	0.000110,	0.000281
560,	0.000010,	0.000130,	0.000110,	0.000281
561,	0.000030,	0.000130,	0.000110,	0.000281
562,	0.000050,	0.000130,	0.000110,	0.000281
563,	0.000070,	0.000130,	0.000110,	0.000281
564,	0.000090,	0.000130,	0.000110,	0.000281
565,	0.000110,	0.000130,	0.000110,	0.000281
566,	0.000130,	0.000130,	0.000110,	0.000281
567,	0.000150,	0.000130,	0.000110,	0.000281
568,	0.000170,	0.000130,	0.000110,	0.000281
569,	0.000190,	0.000130,	0.000110,	0.000281
570,	0.000010,	0.000150,	0.000110,	0.000281
571,	0.000030,	0.000150,	0.000110,	0.000281
572,	0.000050,	0.000150,	0.000110,	0.000281
573,	0.000070,	0.000150,	0.000110,	0.000281
574,	0.000090,	0.000150,	0.000110,	0.000281
575,	0.000110,	0.000150,	0.000110,	0.000281
576,	0.000130,	0.000150,	0.000110,	0.000281
577,	0.000150,	0.000150,	0.000110,	0.000281
578,	0.000170,	0.000150,	0.000110,	0.000281
579,	0.000190,	0.000150,	0.000110,	0.000281
580,	0.000010,	0.000170,	0.000110,	0.000281
581,	0.000030,	0.000170,	0.000110,	0.000281
582,	0.000050,	0.000170,	0.000110,	0.000281
583,	0.000070,	0.000170,	0.000110,	0.000281
584,	0.000090,	0.000170,	0.000110,	0.000281
585,	0.000110,	0.000170,	0.000110,	0.000281
586,	0.000130,	0.000170,	0.000110,	0.000281
587,	0.000150,	0.000170,	0.000110,	0.000281
588,	0.000170,	0.000170,	0.000110,	0.000281
589,	0.000190,	0.000170,	0.000110,	0.000281
590,	0.000010,	0.000190,	0.000110,	0.000281
591,	0.000030,	0.000190,	0.000110,	0.000281
592,	0.000050,	0.000190,	0.000110,	0.000281
593,	0.000070,	0.000190,	0.000110,	0.000281
594,	0.000090,	0.000190,	0.000110,	0.000281
595,	0.000110,	0.000190,	0.000110,	0.000281
596,	0.000130,	0.000190,	0.000110,	0.000281
597,	0.000150,	0.000190,	0.000110,	0.000281
598,	0.000170,	0.000190,	0.000110,	0.000281
599,	0.000190,	0.000190,	0.000110,	0.000281
600,	0.000010,	0.000010,	0.000130,	0.000281
601,	0.000030,	0.000010,	0.000130,	0.000281
602,	0.000050,	0.000010,	0.000130,	0.000281
603,	0.000070,	0.000010,	0.000130,	0.000281
604,	0.000090,	0.000010,	0.000130,	0.000281
605,	0.000110,	0.000010,	0.000130,	0.000281
606,	0.000130,	0.000010,	0.000130,	0.000281
607,	0.000150,	0.000010,	0.000130,	0.000281
608,	0.000170,	0.000010,	0.000130,	0.000281
609,	0.000190,	0.000010,	0.000130,	0.000281
610,	0.000010,	0.000030,	0.000130,	0.000281
611,	0.000030,	0.000030,	0.000130,	0.000281
612,	0.000050,	0.000030,	0.000130,	0.000281
613,	0.000070,	0.000030,	0.000130,	0.000281
614,	0.000090,	0.000030,	0.000130,	0.000281
615,	0.000110,	0.000030,	0.000130,	0.000281
616,	0.000130,	0.000030,	0.000130,	0.000281
617,	0.000150,	0.000030,	0.000130,	0.000281
618,	0.000170,	0.000030,	0.000130,	0.000281
619,	0.000190,	0.000030,	0.000130,	0.000281
620,	0.000010,	0.000050,	0.000130,	0.000281
621,	0.000030,	0.000050,	0.000130,	0.000281
622,	0.000050,	0.000050,	0.000130,	0.000281
623,	0.000070,	0.000050,	0.000130,	0.000281
624,	0.000090,	0.000050,	0.000130,	0.000281
625,	0.000110,	0.000050,	0.000130,	0.000281
626,	0.000130,	0.000050,	0.000130,	0.000281
627,	0.000150,	0.000050,	0.000130,	0.000281
628,	0.000170,	0.000050,	0.000130,	0.000281
629,	0.000190,	0.000050,	0.000130,	0.000281
630,	0.000010,	0.000070,	0.000130,	0.000281
631,	0.000030,	0.000070,	0.000130,	0.000281
632,	0.000050,	0.000070,	0.000130,	0.000281
633,	0.000070,	0.000070,	0.000130,	0.000281
634,	0.000090,	0.000070,	0.000130,	0.000281
635,	0.000110,	0.000070,	0.000130,	0.000281
636,	0.000130,	0.000070,	0.000130,	0.000281
637,	0.000150,	0.000070,	0.000130,	0.000281
638,	0.000170,	0.000070,	0.000130,	0.000281
639,	0.000190,	0.000070,	0.000130,	0.000281
640,	0.000010,	0.000090,	0.000130,	0.000281
641,	0.000030,	0.000090,	0.000130,	0.000281
642,	0.000050,	0.000090,	0.000130,	0.000281
643,	0.000070,	0.000090,	0.000130,	0.000281
644,	0.000090,	0.000090,	0.000130,	0.000281
645,	0.000110,	0.000090,	0.000130,	0.000281
646,	0.000130,	0.000090,	0.000130,	0.000281
647,	0.000150,	0.000090,	0.000130,	0.000281
648,	0.000170,	0.000090,	0.000130,	0.000281
649,	0.000190,	0.000090,	0.000130,	0.000281
650,	0.000010,	0.000110,	0.000130,	0.000281
651,	0.000030,	0.000110,	0.000130,	0.000281
652,	0.000050,	0.000110,	0.000130,	0.000281
653,	0.000070,	0.000110,	0.000130,	0.000281
654,	0.000090,	0.000110,	0.000130,	0.000281
655,	0.000110,	0.000110,	0.000130,	0.000281
656,	0.000130,	0.000110,	0.000130,	0.000281
657,	0.000150,	0.000110,	0.000130,	0.000281
658,	0.000170,	0.000110,	0.000130,	0.000281
659,	0.000190,	0.000110,	0.000130,	0.000281
660,	0.000010,	0.000130,	0.000130,	0.000281
661,	0.000030,	0.000130,	0.000130,	0.000281
662,	0.000050,	0.000130,	0.000130,	0.000281
663,	0.000070,	0.000130,	0.000130,	0.000281
664,	0.000090,	0.000130,	0.000130,	0.000281
665,	0.000110,	0.000130,	0.000130,	0.000281
666,	0.000130,	0.000130,	0.000130,	0.000281
667,	0.000150,	0.000130,	0.000130,	0.000281
668,	0.000170,	0.000130,	0.000130,	0.000281
669,	0.000190,	0.000130,	0.000130,	0.000281
670,	0.000010,	0.000150,	0.000130,	0.000281
671,	0.000030,	0.000150,	0.000130,	0.000281
672,	0.000050,	0.000150,	0.000130,	0.000281
673,	0.000070,	0.000150,	0.000130,	0.000281
674,	0.000090,	0.000150,	0.000130,	0.000281
675,	0.000110,	0.000150,	0.000130,	0.000281
676,	0.000130,	0.000150,	0.000130,	0.000281
677,	0.000150,	0.000150,	0.000130,	0.000281
678,	0.000170,	0.000150,	0.000130,	0.000281
679,	0.000190,	0.000150,	0.000130,	0.000281
680,	0.000010,	0.000170,	0.000130,	0.000281
681,	0.000030,	0.000170,	0.000130,	0.000281
682,	0.000050,	0.000170,	0.000130,	0.000281
683,	0.000070,	0.000170,	0.000130,	0.000281
684,	0.000090,	0.000170,	0.000130,	0.000281
685,	0.000110,	0.000170,	0.000130,	0.000281
686,	0.000130,	0.000170,	0.000130,	0.000281
687,	0.000150,	0.000170,	0.000130,	0.000281
688,	0.000170,	0.000170,	0.000130,	0.000281
689,	0.000190,	0.000170,	0.000130,	0.000281
690,	0.000010,	0.000190,	0.000130,	0.000281
691,	0.000030,	0.000190,	0.000130,	0.000281
692,	0.000050,	0.000190,	0.000130,	0.000281
693,	0.000070,	0.000190,	0.000130,	0.000281
694,	0.000090,	0.000190,	0.000130,	0.000281
695,	0.000110,	0.000190,	0.000130,	0.000281
696,	0.000130,	0.000190,	0.000130,	0.000281
697,	0.000150,	0.000190,	0.000130,	0.000281
698,	0.000170,	0.000190,	0.000130,	0.000281
699,	0.000190,	0.000190,	0.000130,	0.000281
700,	0.000010,	0.000010,	0.000150,	0.000281
701,	0.000030,	0.000010,	0.000150,	0.000281
702,	0.000050,	0.000010,	0.000150,	0.000281
703,	0.000070,	0.000010,	0.000150,	0.000281
704,	0.000090,	0.000010,	0.000150,	0.000281
705,	0.000110,	0.000010,	0.000150,	0.000281
706,	0.000130,	0.000010,	0.000150,	0.000281
707,	0.000150,	0.000010,	0.000150,	0.000281
708,	0.000170,	0.000010,	0.000150,	0.000281
709,	0.000190,	0.000010,	0.000150,	0.000281
710,	0.000010,	0.000030,	0.000150,	0.000281
711,	0.000030,	0.000030,	0.000150,	0.000281
712,	0.000050,	0.000030,	0.000150,	0.000281
713,	0.000070,	0.000030,	0.000150,	0.000281
714,	0.000090,	0.000030,	0.000150,	0.000281
715,	0.000110,	0.000030,	0.000150,	0.000281
716,	0.000130,	0.000030,	0.000150,	0.000281
717,	0.000150,	0.000030,	0.000150,	0.000281
718,	0.000170,	0.000030,	0.000150,	0.000281
719,	0.000190,	0.000030,	0.000150,	0.000281
720,	0.000010,	0.000050,	0.000150,	0.000281
721,	0.000030,	0.000050,	0.000150,	0.000281
722,	0.000050,	0.000050,	0.000150,	0.000281
723,	0.000070,	0.000050,	0.000150,	0.000281
724,	0.000090,	0.000050,	0.000150,	0.000281
725,	0.000110,	0.000050,	0.000150,	0.000281
726,	0.000130,	0.000050,	0.000150,	0.000281
727,	0.000150,	0.000050,	0.000150,	0.000281
728,	0.000170,	0.000050,	0.000150,	0.000281
729,	0.000190,	0.000050,	0.000150,	0.000281
730,	0.000010,	0.000070,	0.000150,	0.000281
731,	0.000030,	0.000070,	0.000150,	0.000281
732,	0.000050,	0.000070,	0.000150,	0.000281
733,	0.000070,	0.000070,	0.000150,	0.000281
734,	0.000090,	0.000070,	0.000150,	0.000281
735,	0.000110,	0.000070,	0.000150,	0.000281
736,	0.000130,	0.000070,	0.000150,	0.000281
737,	0.000150,	0.000070,	0.000150,	0.000281
738,	0.000170,	0.000070,	0.000150,	0.000281
739,	0.000190,	0.000070,	0.000150,	0.000281
740,	0.000010,	0.000090,	0.000150,	0.000281
741,	0.000030,	0.000090,	0.000150,	0.000281
742,	0.000050,	0.000090,	0.000150,	0.000281
743,	0.000070,	0.000090,	0.000150,	0.000281
744,	0.000090,	0.000090,	0.000150,	0.000281
745,	0.000110,	0.000090,	0.000150,	0.000281
746,	0.000130,	0.000090,	0.000150,	0.000281
747,	0.000150,	0.000090,	0.000150,	0.000281
748,	0.000170,	0.000090,	0.000150,	0.000281
749,	0.000190,	0.000090,	0.000150,	0.000281
750,	0.000010,	0.000110,	0.000150,	0.000281
751,	0.000030,	0.000110,	0.000150,	0.000281
752,	0.000050,	0.000110,	0.000150,	0.000281
753,	0.000070,	0.000110,	0.000150,	0.000281
754,	0.000090,	0.000110,	0.000150,	0.000281
755,	0.000110,	0.000110,	0.000150,	0.000281
756,	0.000130,	0.000110,	0.000150,	0.000281
757,	0.000150,	0.000110,	0.000150,	0.000281
758,	0.000170,	0.000110,	0.000150,	0.000281
759,	0.000190,	0.000110,	0.000150,	0.000281
760,	0.000010,	0.000130,	0.000150,	0.000281
761,	0.000030,	0.000130,	0.000150,	0.000281
762,	0.000050,	0.000130,	0.000150,	0.000281
763,	0.000070,	0.000130,	0.000150,	0.000281
764,	0.000090,	0.000130,	0.000150,	0.000281
765,	0.000110,	0.000130,	0.000150,	0.000281
766,	0.000130,	0.000130,	0.000150,	0.000281
767,	0.000150,	0.000130,	0.000150,	0.000281
768,	0.000170,	0.000130,	0.000150,	0.000281
769,	0.000190,	0.000130,	0.000150,	0.000281
770,	0.000010,	0.000150,	0.000150,	0.000281
771,	0.000030,	0.000150,	0.000150,	0.000281
772,	0.000050,	0.000150,	0.000150,	0.000281
773,	0.000070,	0.000150,	0.000150,	0.000281
774,	0.000090,	0.000150,	0.000150,	0.000281
775,	0.000110,	0.000150,	0.000150,	0.000281
776,	0.000130,	0.000150,	0.000150,	0.000281
777,	0.000150,	0.000150,	0.000150,	0.000281
778,	0.000170,	0.000150,	0.000150,	0.000281
779,	0.000190,	0.000150,	0.000150,	0.000281
780,	0.000010,	0.000170,	0.000150,	0.000281
781,	0.000030,	0.000170,	0.000150,	0.000281
782,	0.000050,	0.000170,	0.000150,	0.000281
783,	0.000070,	0.000170,	0.000150,	0.000281
784,	0.000090,	0.000170,	0.000150,	0.000281
785,	0.000110,	0.000170,	0.000150,	0.000281
786,	0.000130,	0.000170,	0.000150,	0.000281
787,	0.000150,	0.000170,	0.000150,	0.000281
788,	0.000170,	0.000170,	0.000150,	0.000281
789,	0.000190,	0.000170,	0.000150,	0.000281
790,	0.000010,	0.000190,	0.000150,	0.000281
791,	0.000030,	0.000190,	0.000150,	0.000281
792,	0.000050,	0.000190,	0.000150,	0.000281
793,	0.000070,	0.000190,	0.000150,	0.000281
794,	0.000090,	0.000190,	0.000150,	0.000281
795,	0.000110,	0.000190,	0.000150,	0.000281
796,	0.000130,	0.000190,	0.000150,	0.000281
797,	0.000150,	0.000190,	0.000150,	0.000281
798,	0.000170,	0.000190,	0.000150,	0.000281
799,	0.000190,	0.000190,	0.000150,	0.000281
800,	0.000010,	0.000010,	0.000170,	0.000281
801,	0.000030,	0.000010,	0.000170,	0.000281
802,	0.000050,	0.000010,	0.000170,	0.000281
803,	0.000070,	0.000010,	0.000170,	0.000281
804,	0.000090,	0.000010,	0.000170,	0.000281
805,	0.000110,	0.000010,	0.000170,	0.000281
806,	0.000130,	0.000010,	0.000170,	0.000281
807,	0.000150,	0.000010,	0.000170,	0.000281
808,	0.000170,	0.000010,	0.000170,	0.000281
809,	0.000190,	0.000010,	0.000170,	0.000281
810,	0.000010,	0.000030,	0.000170,	0.000281
811,	0.000030,	0.000030,	0.000170,	0.000281
812,	0.000050,	0.000030,	0.000170,	0.000281
813,	0.000070,	0.000030,	0.000170,	0.000281
814,	0.000090,	0.000030,	0.000170,	0.000281
815,	0.000110,	0.000030,	0.000170,	0.000281
816,	0.000130,	0.000030,	0.000170,	0.000281
817,	0.000150,	0.000030,	0.000170,	0.000281
818,	0.000170,	0.000030,	0.000170,	0.000281
819,	0.000190,	0.000030,	0.000170,	0.000281
820,	0.000010,	0.000050,	0.000170,	0.000281
821,	0.000030,	0.000050,	0.000170,	0.000281
822,	0.000050,	0.000050,	0.000170,	0.000281
823,	0.000070,	0.000050,	0.000170,	0.000281
824,	0.000090,	0.000050,	0.000170,	0.000281
825,	0.000110,	0.000050,	0.000170,	0.000281
826,	0.000130,	0.000050,	0.000170,	0.000281
827,	0.000150,	0.000050,	0.000170,	0.000281
828,	0.000170,	0.000050,	0.000170,	0.000281
829,	0.000190,	0.000050,	0.000170,	0.000281
830,	0.000010,	0.000070,	0.000170,	0.000281
831,	0.000030,	0.000070,	0.000170,	0.000281
832,	0.000050,	0.000070,	0.000170,	0.000281
833,	0.000070,	0.000070,	0.000170,	0.000281
834,	0.000090,	0.000070,	0.000170,	0.000281
835,	0.000110,	0.000070,	0.000170,	0.000281
836,	0.000130,	0.000070,	0.000170,	0.000281
837,	0.000150,	0.000070,	0.000170,	0.000281
838,	0.000170,	0.000070,	0.000170,	0.000281
839,	0.000190,	0.000070,	0.000170,	0.000281
840,	0.000010,	0.000090,	0.000170,	0.000281
841,	0.000030,	0.000090,	0.000170,	0.000281
842,	0.000050,	0.000090,	0.000170,	0.000281
843,	0.000070,	0.000090,	0.000170,	0.000281
844,	0.000090,	0.000090,	0.000170,	0.000281
845,	0.000110,	0.000090,	0.000170,	0.000281
846,	0.000130,	0.000090,	0.000170,	0.000281
847,	0.000150,	0.000090,	0.000170,	0.000281
848,	0.000170,	0.000090,	0.000170,	0.000281
849,	0.000190,	0.000090,	0.000170,	0.000281
850,	0.000010,	0.000110,	0.000170,	0.000281
851,	0.000030,	0.000110,	0.000170,	0.000281
852,	0.000050,	0.000110,	0.000170,	0.000281
853,	0.000070,	0.000110,	0.000170,	0.000281
854,	0.000090,	0.000110,	0.000170,	0.000281
855,	0.000110,	0.000110,	0.000170,	0.000281
856,	0.000130,	0.000110,	0.000170,	0.000281
857,	0.000150,	0.000110,	0.000170,	0.000281
858,	0.000170,	0.000110,	0.000170,	0.000281
859,	0.000190,	0.000110,	0.000170,	0.000281
860,	0.000010,	0.000130,	0.000170,	0.000281
861,	0.000030,	0.000130,	0.000170,	0.000281
862,	0.000050,	0.000130,	0.000170,	0.000281
863,	0.000070,	0.000130,	0.000170,	0.000281
864,	0.000090,	0.000130,	0.000170,	0.000281
865,	0.000110,	0.000130,	0.000170,	0.000281
866,	0.000130,	0.000130,	0.000170,	0.000281
867,	0.000150,	0.000130,	0.000170,	0.000281
868,	0.000170,	0.000130,	0.000170,	0.000281
869,	0.000190,	0.000130,	0.000170,	0.000281
870,	0.000010,	0.000150,	0.000170,	0.000281
871,	0.000030,	0.000150,	0.000170,	0.000281
872,	0.000050,	0.000150,	0.000170,	0.000281
873,	0.000070,	0.000150,	0.000170,	0.000281
874,	0.000090,	0.000150,	0.000170,	0.000281
875,	0.000110,	0.000150,	0.000170,	0.000281
876,	0.000130,	0.000150,	0.000170,	0.000281
877,	0.000150,	0.000150,	0.000170,	0.000281
878,	0.000170,	0.000150,	0.000170,	0.000281
879,	0.000190,	0.000150,	0.000170,	0.000281
880,	0.000010,	0.000170,	0.000170,	0.000281
881,	0.000030,	0.000170,	0.000170,	0.000281
882,	0.000050,	0.000170,	0.000170,	0.000281
883,	0.000070,	0.000170,	0.000170,	0.000281
884,	0.000090,	0.000170,	0.000170,	0.000281
885,	0.000110,	0.000170,	0.000170,	0.000281
886,	0.000130,	0.000170,	0.000170,	0.000281
887,	0.000150,	0.000170,	0.000170,	0.000281
888,	0.000170,	0.000170,	0.000170,	0.000281
889,	0.000190,	0.000170,	0.000170,	0.000281
890,	0.000010,	0.000190,	0.000170,	0.000281
891,	0.000030,	0.000190,	0.000170,	0.000281
892,	0.000050,	0.000190,	0.000170,	0.000281
893,	0.000070,	0.000190,	0.000170,	0.000281
894,	0.000090,	0.000190,	0.000170,	0.000281
895,	0.000110,	0.000190,	0.000170,	0.000281
896,	0.000130,	0.000190,	0.000170,	0.000281
897,	0.000150,	0.000190,	0.000170,	0.000281
898,	0.000170,	0.000190,	0.000170,	0.000281
899,	0.000190,	0.000190,	0.000170,	0.000281
900,	0.000010,	0.000010,	0.000190,	0.000281
901,	0.000030,	0.000010,	0.000190,	0.000281
902,	0.000050,	0.000010,	0.000190,	0.000281
903,	0.000070,	0.000010,	0.000190,	0.000281
904,	0.000090,	0.000010,	0.000190,	0.000281
905,	0.000110,	0.000010,	0.000190,	0.000281
906,	0.000130,	0.000010,	0.000190,	0.000281
907,	0.000150,	0.000010,	0.000190,	0.000281
908,	0.000170,	0.000010,	0.000190,	0.000281
909,	0.000190,	0.000010,	0.000190,	0.000281
910,	0.000010,	0.000030,	0.000190,	0.000281
911,	0.000030,	0.000030,	0.000190,	0.000281
912,	0.000050,	0.000030,	0.000190,	0.000281
913,	0.000070,	0.000030,	0.000190,	0.000281
914,	0.000090,	0.000030,	0.000190,	0.000281
915,	0.000110,	0.000030,	0.000190,	0.000281
916,	0.000130,	0.000030,	0.000190,	0.000281
917,	0.000150,	0.000030,	0.000190,	0.000281
918,	0.000170,	0.000030,	0.000190,	0.000281
919,	0.000190,	0.000030,	0.000190,	0.000281
920,	0.000010,	0.000050,	0.000190,	0.000281
921,	0.000030,	0.000050,	0.000190,	0.000281
922,	0.000050,	0.000050,	0.000190,	0.000281
923,	0.000070,	0.000050,	0.000190,	0.000281
924,	0.000090,	0.000050,	0.000190,	0.000281
925,	0.000110,	0.000050,	0.000190,	0.000281
926,	0.000130,	0.000050,	0.000190,	0.000281
927,	0.000150,	0.000050,	0.000190,	0.000281
928,	0.000170,	0.000050,	0.000190,	0.000281
929,	0.000190,	0.000050,	0.000190,	0.000281
930,	0.000010,	0.000070,	0.000190,	0.000281
931,	0.000030,	0.000070,	0.000190,	0.000281
932,	0.000050,	0.000070,	0.000190,	0.000281
933,	0.000070,	0.000070,	0.000190,	0.000281
934,	0.000090,	0.000070,	0.000190,	0.000281
935,	0.000110,	0.000070,	0.000190,	0.000281
936,	0.000130,	0.000070,	0.000190,	0.000281
937,	0.000150,	0.000070,	0.000190,	0.000281
938,	0.000170,	0.000070,	0.000190,	0.000281
939,	0.000190,	0.000070,	0.000190,	0.000281
940,	0.000010,	0.000090,	0.000190,	0.000281
941,	0.000030,	0.000090,	0.000190,	0.000281
942,	0.000050,	0.000090,	0.000190,	0.000281
943,	0.000070,	0.000090,	0.000190,	0.000281
944,	0.000090,	0.000090,	0.000190,	0.000281
945,	0.000110,	0.000090,	0.000190,	0.000281
946,	0.000130,	0.000090,	0.000190,	0.000281
947,	0.000150,	0.000090,	0.000190,	0.000281
948,	0.000170,	0.000090,	0.000190,	0.000281
949,	0.000190,	0.000090,	0.000190,	0.000281
950,	0.000010,	0.000110,	0.000190,	0.000281
951,	0.000030,	0.000110,	0.000190,	0.000281
952,	0.000050,	0.000110,	0.000190,	0.000281
953,	0.000070,	0.000110,	0.000190,	0.000281
954,	0.000090,	0.000110,	0.000190,	0.000281
955,	0.000110,	0.000110,	0.000190,	0.000281
956,	0.000130,	0.000110,	0.000190,	0.000281
957,	0.000150,	0.000110,	0.000190,	0.000281
958,	0.000170,	0.000110,	0.000190,	0.000281
959,	0.000190,	0.000110,	0.000190,	0.000281
960,	0.000010,	0.000130,	0.000190,	0.000281
961,	0.000030,	0.000130,	0.000190,	0.000281
962,	0.000050,	0.000130,	0.000190,	0.000281
963,	0.000070,	0.000130,	0.000190,	0.000281
964,	0.000090,	0.000130,	0.000190,	0.000281
965,	0.000110,	0.000130,	0.000190,	0.000281
966,	0.000130,	0.000130,	0.000190,	0.000281
967,	0.000150,	0.000130,	0.000190,	0.000281
968,	0.000170,	0.000130,	0.000190,	0.000281
969,	0.000190,	0.000130,	0.000190,	0.000281
970,	0.000010,	0.000150,	0.000190,	0.000281
971,	0.000030,	0.000150,	0.000190,	0.000281
972,	0.000050,	0.000150,	0.000190,	0.000281
973,	0.000070,	0.000150,	0.000190,	0.000281
974,	0.000090,	0.000150,	0.000190,	0.000281
975,	0.000110,	0.000150,	0.000190,	0.000281
976,	0.000130,	0.000150,	0.000190,	0.000281
977,	0.000150,	0.000150,	0.000190,	0.000281
978,	0.000170,	0.000150,	0.000190,	0.000281
979,	0.000190,	0.000150,	0.000190,	0.000281
980,	0.000010,	0.000170,	0.000190,	0.000281
981,	0.000030,	0.000170,	0.000190,	0.000281
982,	0.000050,	0.000170,	0.000190,	0.000281
983,	0.000070,	0.000170,	0.000190,	0.000281
984,	0.000090,	0.000170,	0.000190,	0.000281
985,	0.000110,	0.000170,	0.000190,	0.000281
986,	0.000130,	0.000170,	0.000190,	0.000281
987,	0.000150,	0.000170,	0.000190,	0.000281
988,	0.000170,	0.000170,	0.000190,	0.000281
989,	0.000190,	0.000170,	0.000190,	0.000281
990,	0.000010,	0.000190,	0.000190,	0.000281
991,	0.000030,	0.000190,	0.000190,	0.000281
992,	0.000050,	0.000190,	0.000190,	0.000281
993,	0.000070,	0.000190,	0.000190,	0.000281
994,	0.000090,	0.000190,	0.000190,	0.000281
995,	0.000110,	0.000190,	0.000190,	0.000281
996,	0.000130,	0.000190,	0.000190,	0.000281
997,	0.000150,	0.000190,	0.000190,	0.000281
998,	0.000170,	0.000190,	0.000190,	0.000281
999,	0.000190,	0.000190,	0.000190,	0.000281
