"V1","V2","V3","V4","V5"
1.00527426310958,0.000684264405098082,0.000324886833208341,-0.00266351611833971,-4.38718575265129e-07
0.000309210860687449,0.992964268883565,-1.88213233050081e-05,-0.000599141122888249,-9.58955297614648e-08
0.00241130145471905,-0.000286751137453482,0.994304449086117,-0.00081444848521666,-1.1603184520117e-07
-0.184269091104962,0.068282145574566,0.0339611432112518,0.684133690018572,-3.05038529999167e-05
-7.84636267212723e-05,-0.000188283555043747,3.24399520783643e-05,8.47780675180824e-06,0.999999990739617
3435326649.23824,-654037314.114543,-125173244.286305,12715153570.1178,1953317.70950834
1.0904049996678e-07,-9.3290886373618e-08,-7.01988349308379e-08,-2.8783011775603e-08,-3.04811280266596e-11
-339.210141263331,-113.91359230539,-58.4646580445256,78.3086250710251,-0.00682713988089073
1536.11907484201,513.317054160273,262.889219802151,-358.162824980539,0.0309632001580328
-1.81145027790936e-09,9.08169729291004e-10,4.34905732347329e-10,-7.62743755272852e-09,-1.18213029346597e-12
