sub,o2,nh4,no2,no3,
5010,2.850913e-05,1.000000e-05,4.766560e-06,1.000000e-07,1.000000e-07,
10020,2.764963e-05,1.000000e-05,4.256129e-06,1.000000e-07,1.000000e-07,
15030,2.688964e-05,1.000000e-05,3.952209e-06,1.000000e-07,1.000000e-07,
20040,2.610942e-05,1.000000e-05,3.742354e-06,1.000000e-07,1.000000e-07,
25050,2.523929e-05,1.000000e-05,3.574974e-06,1.000000e-07,1.000000e-07,
30060,2.423168e-05,1.000000e-05,3.425075e-06,1.000000e-07,1.000000e-07,
35070,2.304926e-05,1.000000e-05,3.280898e-06,1.000000e-07,1.000000e-07,
40080,2.166440e-05,1.000000e-05,3.139568e-06,1.000000e-07,1.000000e-07,
45090,2.005707e-05,1.000000e-05,3.000357e-06,1.000000e-07,1.000000e-07,
50100,1.821095e-05,1.000000e-05,2.859233e-06,1.000000e-07,1.000000e-07,
55110,1.615737e-05,1.000000e-05,2.722526e-06,1.000000e-07,1.000000e-07,
60120,1.394511e-05,1.000000e-05,2.586284e-06,1.000000e-07,1.000000e-07,
65130,1.174039e-05,1.000000e-05,2.455464e-06,1.000000e-07,1.000000e-07,
70140,9.824232e-06,1.000000e-05,2.334776e-06,1.000000e-07,1.000000e-07,
75150,8.269517e-06,1.000000e-05,2.214187e-06,1.000000e-07,1.000000e-07,
80160,7.228870e-06,1.000000e-05,2.101226e-06,1.000000e-07,1.000000e-07,
85170,6.764036e-06,1.000000e-05,2.008183e-06,1.000000e-07,1.000000e-07,
90180,6.241481e-06,1.000000e-05,1.912713e-06,1.000000e-07,1.000000e-07,
95190,5.990102e-06,1.000000e-05,1.829573e-06,1.000000e-07,1.000000e-07,
100200,5.825153e-06,1.000000e-05,1.754275e-06,1.000000e-07,1.000000e-07,
105210,5.728923e-06,1.000000e-05,1.694002e-06,1.000000e-07,1.000000e-07,
110220,5.674579e-06,1.000000e-05,1.637003e-06,1.000000e-07,1.000000e-07,
115230,5.461400e-06,1.000000e-05,1.580068e-06,1.000000e-07,1.000000e-07,
120240,5.582666e-06,1.000000e-05,1.548834e-06,1.000000e-07,1.000000e-07,
125250,5.638538e-06,1.000000e-05,1.524730e-06,1.000000e-07,1.000000e-07,
130260,5.466928e-06,1.000000e-05,1.487775e-06,1.000000e-07,1.000000e-07,
135270,5.276639e-06,1.000000e-05,1.453272e-06,1.000000e-07,1.000000e-07,
140280,5.348715e-06,1.000000e-05,1.435615e-06,1.000000e-07,1.000000e-07,
145290,5.323603e-06,1.000000e-05,1.416992e-06,1.000000e-07,1.000000e-07,
150300,5.429638e-06,1.000000e-05,1.418265e-06,1.000000e-07,1.000000e-07,
155310,5.449647e-06,1.000000e-05,1.412168e-06,1.000000e-07,1.000000e-07,
160320,5.369070e-06,1.000000e-05,1.401690e-06,1.000000e-07,1.000000e-07,
165330,5.193668e-06,1.000000e-05,1.387886e-06,1.000000e-07,1.000000e-07,
170340,5.302758e-06,1.000000e-05,1.399483e-06,1.000000e-07,1.000000e-07,
175350,5.577903e-06,1.000000e-05,1.425157e-06,1.000000e-07,1.000000e-07,
180360,5.321223e-06,1.000000e-05,1.409888e-06,1.000000e-07,1.000000e-07,
185370,5.083575e-06,1.000000e-05,1.380840e-06,1.000000e-07,1.000000e-07,
190380,5.220695e-06,1.000000e-05,1.403521e-06,1.000000e-07,1.000000e-07,
195390,5.275763e-06,1.000000e-05,1.405982e-06,1.000000e-07,1.000000e-07,
200400,5.138341e-06,1.000000e-05,1.400027e-06,1.000000e-07,1.000000e-07,
205410,5.232983e-06,1.000000e-05,1.425260e-06,1.000000e-07,1.000000e-07,
210420,5.079935e-06,1.000000e-05,1.417719e-06,1.000000e-07,1.000000e-07,
215430,5.195245e-06,1.000000e-05,1.436320e-06,1.000000e-07,1.000000e-07,
220440,5.254389e-06,1.000000e-05,1.454438e-06,1.000000e-07,1.000000e-07,
225450,5.101930e-06,1.000000e-05,1.448855e-06,1.000000e-07,1.000000e-07,
230460,5.172482e-06,1.000000e-05,1.475087e-06,1.000000e-07,1.000000e-07,
235470,4.997399e-06,1.000000e-05,1.479506e-06,1.000000e-07,1.000000e-07,
240480,5.103215e-06,1.000000e-05,1.498830e-06,1.000000e-07,1.000000e-07,
245490,5.221219e-06,1.000000e-05,1.518936e-06,1.000000e-07,1.000000e-07,
250500,5.275071e-06,1.000000e-05,1.527587e-06,1.000000e-07,1.000000e-07,
255510,4.997339e-06,1.000000e-05,1.526913e-06,1.000000e-07,1.000000e-07,
260520,5.135791e-06,1.000000e-05,1.540802e-06,1.000000e-07,1.000000e-07,
265530,4.771713e-06,1.000000e-05,1.541223e-06,1.000000e-07,1.000000e-07,
270540,5.157093e-06,1.000000e-05,1.565001e-06,1.000000e-07,1.000000e-07,
275550,4.986684e-06,1.000000e-05,1.594623e-06,1.000000e-07,1.000000e-07,
280560,5.120840e-06,1.000000e-05,1.596330e-06,1.000000e-07,1.000000e-07,
285570,5.001172e-06,1.000000e-05,1.593571e-06,1.000000e-07,1.000000e-07,
290580,4.832638e-06,1.000000e-05,1.621750e-06,1.000000e-07,1.000000e-07,
295590,4.925488e-06,1.000000e-05,1.636678e-06,1.000000e-07,1.000000e-07,
300600,5.035935e-06,1.000000e-05,1.661873e-06,1.000000e-07,1.000000e-07,
305610,5.161973e-06,1.000000e-05,1.680625e-06,1.000000e-07,1.000000e-07,
310620,5.163388e-06,1.000000e-05,1.689490e-06,1.000000e-07,1.000000e-07,
315630,5.009053e-06,1.000000e-05,1.709797e-06,1.000000e-07,1.000000e-07,
320640,4.865103e-06,1.000000e-05,1.729653e-06,1.000000e-07,1.000000e-07,
325650,5.220309e-06,1.000000e-05,1.749453e-06,1.000000e-07,1.000000e-07,
330660,5.058435e-06,1.000000e-05,1.760296e-06,1.000000e-07,1.000000e-07,
335670,4.949492e-06,1.000000e-05,1.763837e-06,1.000000e-07,1.000000e-07,
340680,4.857195e-06,1.000000e-05,1.764085e-06,1.000000e-07,1.000000e-07,
345690,4.775767e-06,1.000000e-05,1.761779e-06,1.000000e-07,1.000000e-07,
350700,5.166802e-06,1.000000e-05,1.768920e-06,1.000000e-07,1.000000e-07,
355710,5.043532e-06,1.000000e-05,1.775045e-06,1.000000e-07,1.000000e-07,
360720,4.954548e-06,1.000000e-05,1.777108e-06,1.000000e-07,1.000000e-07,
365730,4.887327e-06,1.000000e-05,1.776133e-06,1.000000e-07,1.000000e-07,
370740,4.819114e-06,1.000000e-05,1.772971e-06,1.000000e-07,1.000000e-07,
375750,4.997729e-06,1.000000e-05,1.773532e-06,1.000000e-07,1.000000e-07,
380760,5.158568e-06,1.000000e-05,1.788282e-06,1.000000e-07,1.000000e-07,
385770,5.040658e-06,1.000000e-05,1.797406e-06,1.000000e-07,1.000000e-07,
390780,4.985004e-06,1.000000e-05,1.801546e-06,1.000000e-07,1.000000e-07,
395790,4.930141e-06,1.000000e-05,1.801301e-06,1.000000e-07,1.000000e-07,
400800,4.876324e-06,1.000000e-05,1.797254e-06,1.000000e-07,1.000000e-07,
405810,5.064730e-06,1.000000e-05,1.794995e-06,1.000000e-07,1.000000e-07,
410820,5.239793e-06,1.000000e-05,1.804708e-06,1.000000e-07,1.000000e-07,
415830,5.127774e-06,1.000000e-05,1.809388e-06,1.000000e-07,1.000000e-07,
420840,5.077063e-06,1.000000e-05,1.809688e-06,1.000000e-07,1.000000e-07,
425850,5.034706e-06,1.000000e-05,1.805597e-06,1.000000e-07,1.000000e-07,
430860,4.995417e-06,1.000000e-05,1.800398e-06,1.000000e-07,1.000000e-07,
435870,4.957810e-06,1.000000e-05,1.795169e-06,1.000000e-07,1.000000e-07,
440880,4.920027e-06,1.000000e-05,1.789985e-06,1.000000e-07,1.000000e-07,
445890,4.882772e-06,1.000000e-05,1.783674e-06,1.000000e-07,1.000000e-07,
450900,4.843663e-06,1.000000e-05,1.776565e-06,1.000000e-07,1.000000e-07,
455910,4.799814e-06,1.000000e-05,1.771125e-06,1.000000e-07,1.000000e-07,
460920,4.760414e-06,1.000000e-05,1.766203e-06,1.000000e-07,1.000000e-07,
465930,4.727423e-06,1.000000e-05,1.761453e-06,1.000000e-07,1.000000e-07,
470940,5.164952e-06,1.000000e-05,1.791866e-06,1.000000e-07,1.000000e-07,
475950,5.100664e-06,1.000000e-05,1.823121e-06,1.000000e-07,1.000000e-07,
480960,5.041451e-06,1.000000e-05,1.836260e-06,1.000000e-07,1.000000e-07,
485970,5.018717e-06,1.000000e-05,1.838706e-06,1.000000e-07,1.000000e-07,
490980,5.000690e-06,1.000000e-05,1.837856e-06,1.000000e-07,1.000000e-07,
495990,4.985479e-06,1.000000e-05,1.835843e-06,1.000000e-07,1.000000e-07,
501000,4.973465e-06,1.000000e-05,1.833425e-06,1.000000e-07,1.000000e-07,
506010,4.962370e-06,1.000000e-05,1.830727e-06,1.000000e-07,1.000000e-07,
511020,4.949299e-06,1.000000e-05,1.827139e-06,1.000000e-07,1.000000e-07,
516030,4.937184e-06,1.000000e-05,1.823212e-06,1.000000e-07,1.000000e-07,
521040,4.925382e-06,1.000000e-05,1.818795e-06,1.000000e-07,1.000000e-07,
526050,4.917191e-06,1.000000e-05,1.814713e-06,1.000000e-07,1.000000e-07,
531060,4.909748e-06,1.000000e-05,1.810806e-06,1.000000e-07,1.000000e-07,
536070,4.900621e-06,1.000000e-05,1.808502e-06,1.000000e-07,1.000000e-07,
541080,4.890967e-06,1.000000e-05,1.807261e-06,1.000000e-07,1.000000e-07,
546090,4.883165e-06,1.000000e-05,1.806344e-06,1.000000e-07,1.000000e-07,
551100,4.878429e-06,1.000000e-05,1.805650e-06,1.000000e-07,1.000000e-07,
556110,4.872551e-06,1.000000e-05,1.805128e-06,1.000000e-07,1.000000e-07,
561120,4.869269e-06,1.000000e-05,1.804535e-06,1.000000e-07,1.000000e-07,
566130,4.864188e-06,1.000000e-05,1.804310e-06,1.000000e-07,1.000000e-07,
571140,4.860641e-06,1.000000e-05,1.804564e-06,1.000000e-07,1.000000e-07,
576150,4.857770e-06,1.000000e-05,1.804706e-06,1.000000e-07,1.000000e-07,
581160,4.854747e-06,1.000000e-05,1.804583e-06,1.000000e-07,1.000000e-07,
586170,4.852053e-06,1.000000e-05,1.804500e-06,1.000000e-07,1.000000e-07,
591180,4.847456e-06,1.000000e-05,1.804405e-06,1.000000e-07,1.000000e-07,
596190,4.846060e-06,1.000000e-05,1.804245e-06,1.000000e-07,1.000000e-07,
601200,4.842953e-06,1.000000e-05,1.804380e-06,1.000000e-07,1.000000e-07,
606210,4.840491e-06,1.000000e-05,1.804621e-06,1.000000e-07,1.000000e-07,
611220,4.838970e-06,1.000000e-05,1.804943e-06,1.000000e-07,1.000000e-07,
616230,4.835025e-06,1.000000e-05,1.805357e-06,1.000000e-07,1.000000e-07,
621240,4.832277e-06,1.000000e-05,1.805457e-06,1.000000e-07,1.000000e-07,
626250,4.828098e-06,1.000000e-05,1.805454e-06,1.000000e-07,1.000000e-07,
631260,4.823811e-06,1.000000e-05,1.805446e-06,1.000000e-07,1.000000e-07,
636270,4.822332e-06,1.000000e-05,1.805590e-06,1.000000e-07,1.000000e-07,
641280,4.818879e-06,1.000000e-05,1.805293e-06,1.000000e-07,1.000000e-07,
646290,4.817155e-06,1.000000e-05,1.805201e-06,1.000000e-07,1.000000e-07,
651300,4.814670e-06,1.000000e-05,1.805307e-06,1.000000e-07,1.000000e-07,
656310,4.814573e-06,1.000000e-05,1.805704e-06,1.000000e-07,1.000000e-07,
661320,4.812019e-06,1.000000e-05,1.806038e-06,1.000000e-07,1.000000e-07,
666330,4.809072e-06,1.000000e-05,1.806689e-06,1.000000e-07,1.000000e-07,
671340,4.808940e-06,1.000000e-05,1.806769e-06,1.000000e-07,1.000000e-07,
676350,4.807792e-06,1.000000e-05,1.806935e-06,1.000000e-07,1.000000e-07,
681360,4.806580e-06,1.000000e-05,1.807086e-06,1.000000e-07,1.000000e-07,
686370,4.805134e-06,1.000000e-05,1.807492e-06,1.000000e-07,1.000000e-07,
691380,4.803840e-06,1.000000e-05,1.808007e-06,1.000000e-07,1.000000e-07,
696390,4.802057e-06,1.000000e-05,1.808457e-06,1.000000e-07,1.000000e-07,
701400,4.800895e-06,1.000000e-05,1.808458e-06,1.000000e-07,1.000000e-07,
706410,4.799305e-06,1.000000e-05,1.808672e-06,1.000000e-07,1.000000e-07,
711420,4.798583e-06,1.000000e-05,1.808751e-06,1.000000e-07,1.000000e-07,
716430,4.796912e-06,1.000000e-05,1.808733e-06,1.000000e-07,1.000000e-07,
721440,4.795972e-06,1.000000e-05,1.808775e-06,1.000000e-07,1.000000e-07,
726450,4.796019e-06,1.000000e-05,1.809152e-06,1.000000e-07,1.000000e-07,
731460,4.795461e-06,1.000000e-05,1.809217e-06,1.000000e-07,1.000000e-07,
736470,4.794391e-06,1.000000e-05,1.809708e-06,1.000000e-07,1.000000e-07,
741480,4.793395e-06,1.000000e-05,1.810332e-06,1.000000e-07,1.000000e-07,
746490,4.793501e-06,1.000000e-05,1.810559e-06,1.000000e-07,1.000000e-07,
751500,4.791495e-06,1.000000e-05,1.810510e-06,1.000000e-07,1.000000e-07,
756510,4.789033e-06,1.000000e-05,1.810428e-06,1.000000e-07,1.000000e-07,
761520,4.788287e-06,1.000000e-05,1.810334e-06,1.000000e-07,1.000000e-07,
766530,4.789584e-06,1.000000e-05,1.810214e-06,1.000000e-07,1.000000e-07,
771540,4.788971e-06,1.000000e-05,1.810196e-06,1.000000e-07,1.000000e-07,
776550,4.787713e-06,1.000000e-05,1.809911e-06,1.000000e-07,1.000000e-07,
781560,4.785195e-06,1.000000e-05,1.809417e-06,1.000000e-07,1.000000e-07,
786570,4.784364e-06,1.000000e-05,1.809210e-06,1.000000e-07,1.000000e-07,
791580,4.784127e-06,1.000000e-05,1.808669e-06,1.000000e-07,1.000000e-07,
796590,4.783268e-06,1.000000e-05,1.808753e-06,1.000000e-07,1.000000e-07,
801600,4.782351e-06,1.000000e-05,1.808693e-06,1.000000e-07,1.000000e-07,
806610,4.781842e-06,1.000000e-05,1.808710e-06,1.000000e-07,1.000000e-07,
811620,4.782071e-06,1.000000e-05,1.808662e-06,1.000000e-07,1.000000e-07,
816630,4.783035e-06,1.000000e-05,1.808982e-06,1.000000e-07,1.000000e-07,
821640,4.781990e-06,1.000000e-05,1.808739e-06,1.000000e-07,1.000000e-07,
826650,4.782646e-06,1.000000e-05,1.808952e-06,1.000000e-07,1.000000e-07,
sub,o2,nh4,no2,no3,
5010,2.850867e-05,1.000000e-05,4.766314e-06,1.000000e-07,1.000000e-07,
10020,2.764826e-05,1.000000e-05,4.255411e-06,1.000000e-07,1.000000e-07,
15030,2.688736e-05,1.000000e-05,3.951271e-06,1.000000e-07,1.000000e-07,
20040,2.610606e-05,1.000000e-05,3.741212e-06,1.000000e-07,1.000000e-07,
25050,2.523431e-05,1.000000e-05,3.574000e-06,1.000000e-07,1.000000e-07,
30060,2.422381e-05,1.000000e-05,3.423372e-06,1.000000e-07,1.000000e-07,
35070,2.303653e-05,1.000000e-05,3.277403e-06,1.000000e-07,1.000000e-07,
40080,2.164562e-05,1.000000e-05,3.136010e-06,1.000000e-07,1.000000e-07,
45090,2.002761e-05,1.000000e-05,2.995726e-06,1.000000e-07,1.000000e-07,
50100,1.816414e-05,1.000000e-05,2.852261e-06,1.000000e-07,1.000000e-07,
55110,1.608357e-05,1.000000e-05,2.712942e-06,1.000000e-07,1.000000e-07,
60120,1.386353e-05,1.000000e-05,2.578558e-06,1.000000e-07,1.000000e-07,
65130,1.161834e-05,1.000000e-05,2.444514e-06,1.000000e-07,1.000000e-07,
70140,9.610269e-06,1.000000e-05,2.316645e-06,1.000000e-07,1.000000e-07,
75150,8.048810e-06,1.000000e-05,2.194418e-06,1.000000e-07,1.000000e-07,
80160,7.112720e-06,1.000000e-05,2.085054e-06,1.000000e-07,1.000000e-07,
85170,6.473988e-06,1.000000e-05,1.979605e-06,1.000000e-07,1.000000e-07,
90180,5.923624e-06,1.000000e-05,1.878711e-06,1.000000e-07,1.000000e-07,
95190,5.663032e-06,1.000000e-05,1.791942e-06,1.000000e-07,1.000000e-07,
100200,5.504288e-06,1.000000e-05,1.712532e-06,1.000000e-07,1.000000e-07,
105210,5.367874e-06,1.000000e-05,1.643064e-06,1.000000e-07,1.000000e-07,
110220,5.216842e-06,1.000000e-05,1.580389e-06,1.000000e-07,1.000000e-07,
115230,5.170539e-06,1.000000e-05,1.528190e-06,1.000000e-07,1.000000e-07,
120240,5.047392e-06,1.000000e-05,1.479705e-06,1.000000e-07,1.000000e-07,
125250,4.885121e-06,1.000000e-05,1.432889e-06,1.000000e-07,1.000000e-07,
130260,4.996922e-06,1.000000e-05,1.401412e-06,1.000000e-07,1.000000e-07,
135270,4.903806e-06,1.000000e-05,1.370324e-06,1.000000e-07,1.000000e-07,
140280,4.810611e-06,1.000000e-05,1.341517e-06,1.000000e-07,1.000000e-07,
145290,4.952442e-06,1.000000e-05,1.331483e-06,1.000000e-07,1.000000e-07,
150300,4.652607e-06,1.000000e-05,1.296823e-06,1.000000e-07,1.000000e-07,
155310,4.846652e-06,1.000000e-05,1.292922e-06,1.000000e-07,1.000000e-07,
160320,4.769110e-06,1.000000e-05,1.284629e-06,1.000000e-07,1.000000e-07,
165330,4.837144e-06,1.000000e-05,1.278301e-06,1.000000e-07,1.000000e-07,
170340,4.876128e-06,1.000000e-05,1.280304e-06,1.000000e-07,1.000000e-07,
175350,4.577071e-06,1.000000e-05,1.255150e-06,1.000000e-07,1.000000e-07,
180360,5.150794e-06,1.000000e-05,1.299281e-06,1.000000e-07,1.000000e-07,
185370,4.819364e-06,1.000000e-05,1.293651e-06,1.000000e-07,1.000000e-07,
190380,4.869148e-06,1.000000e-05,1.282257e-06,1.000000e-07,1.000000e-07,
195390,4.910215e-06,1.000000e-05,1.292762e-06,1.000000e-07,1.000000e-07,
200400,4.585026e-06,1.000000e-05,1.278124e-06,1.000000e-07,1.000000e-07,
205410,4.803613e-06,1.000000e-05,1.284838e-06,1.000000e-07,1.000000e-07,
210420,4.733940e-06,1.000000e-05,1.297645e-06,1.000000e-07,1.000000e-07,
215430,4.802793e-06,1.000000e-05,1.300283e-06,1.000000e-07,1.000000e-07,
220440,4.804636e-06,1.000000e-05,1.305722e-06,1.000000e-07,1.000000e-07,
225450,4.587183e-06,1.000000e-05,1.309602e-06,1.000000e-07,1.000000e-07,
230460,4.781251e-06,1.000000e-05,1.320672e-06,1.000000e-07,1.000000e-07,
235470,4.770491e-06,1.000000e-05,1.336629e-06,1.000000e-07,1.000000e-07,
240480,4.813543e-06,1.000000e-05,1.344529e-06,1.000000e-07,1.000000e-07,
245490,4.793079e-06,1.000000e-05,1.355442e-06,1.000000e-07,1.000000e-07,
250500,4.585048e-06,1.000000e-05,1.353363e-06,1.000000e-07,1.000000e-07,
255510,4.860292e-06,1.000000e-05,1.376673e-06,1.000000e-07,1.000000e-07,
260520,4.746593e-06,1.000000e-05,1.390433e-06,1.000000e-07,1.000000e-07,
265530,4.643445e-06,1.000000e-05,1.387483e-06,1.000000e-07,1.000000e-07,
270540,4.691866e-06,1.000000e-05,1.403159e-06,1.000000e-07,1.000000e-07,
275550,4.599612e-06,1.000000e-05,1.411600e-06,1.000000e-07,1.000000e-07,
280560,4.700917e-06,1.000000e-05,1.416962e-06,1.000000e-07,1.000000e-07,
285570,4.789586e-06,1.000000e-05,1.442763e-06,1.000000e-07,1.000000e-07,
290580,4.870466e-06,1.000000e-05,1.457324e-06,1.000000e-07,1.000000e-07,
295590,4.700088e-06,1.000000e-05,1.454035e-06,1.000000e-07,1.000000e-07,
300600,4.887428e-06,1.000000e-05,1.470896e-06,1.000000e-07,1.000000e-07,
305610,5.061048e-06,1.000000e-05,1.529081e-06,1.000000e-07,1.000000e-07,
310620,4.835235e-06,1.000000e-05,1.622990e-06,1.000000e-07,1.000000e-07,
315630,4.583711e-06,1.000000e-05,1.743700e-06,1.000000e-07,1.000000e-07,
320640,5.043891e-06,1.000000e-05,1.836949e-06,1.000000e-07,1.000000e-07,
325650,4.994522e-06,1.000000e-05,1.890984e-06,1.000000e-07,1.000000e-07,
330660,4.765970e-06,1.000000e-05,1.914342e-06,1.000000e-07,1.000000e-07,
335670,4.609807e-06,1.000000e-05,1.922170e-06,1.000000e-07,1.000000e-07,
340680,5.112091e-06,1.000000e-05,1.922899e-06,1.000000e-07,1.000000e-07,
345690,5.094321e-06,1.000000e-05,1.920931e-06,1.000000e-07,1.000000e-07,
350700,4.891316e-06,1.000000e-05,1.917309e-06,1.000000e-07,1.000000e-07,
355710,4.732505e-06,1.000000e-05,1.911884e-06,1.000000e-07,1.000000e-07,
360720,4.640214e-06,1.000000e-05,1.905836e-06,1.000000e-07,1.000000e-07,
365730,5.017840e-06,1.000000e-05,1.895449e-06,1.000000e-07,1.000000e-07,
370740,5.196423e-06,1.000000e-05,1.882657e-06,1.000000e-07,1.000000e-07,
375750,5.057846e-06,1.000000e-05,1.870365e-06,1.000000e-07,1.000000e-07,
380760,4.874291e-06,1.000000e-05,1.856865e-06,1.000000e-07,1.000000e-07,
385770,4.763414e-06,1.000000e-05,1.841616e-06,1.000000e-07,1.000000e-07,
390780,4.688927e-06,1.000000e-05,1.824634e-06,1.000000e-07,1.000000e-07,
395790,4.628469e-06,1.000000e-05,1.807923e-06,1.000000e-07,1.000000e-07,
400800,4.565411e-06,1.000000e-05,1.791319e-06,1.000000e-07,1.000000e-07,
405810,4.979688e-06,1.000000e-05,1.772693e-06,1.000000e-07,1.000000e-07,
410820,5.172012e-06,1.000000e-05,1.756208e-06,1.000000e-07,1.000000e-07,
415830,5.062403e-06,1.000000e-05,1.742407e-06,1.000000e-07,1.000000e-07,
420840,4.878920e-06,1.000000e-05,1.731573e-06,1.000000e-07,1.000000e-07,
425850,4.771372e-06,1.000000e-05,1.721861e-06,1.000000e-07,1.000000e-07,
430860,4.704479e-06,1.000000e-05,1.712369e-06,1.000000e-07,1.000000e-07,
435870,4.648368e-06,1.000000e-05,1.702901e-06,1.000000e-07,1.000000e-07,
440880,4.596709e-06,1.000000e-05,1.693645e-06,1.000000e-07,1.000000e-07,
445890,4.552685e-06,1.000000e-05,1.684876e-06,1.000000e-07,1.000000e-07,
450900,4.845752e-06,1.000000e-05,1.680408e-06,1.000000e-07,1.000000e-07,
455910,5.181181e-06,1.000000e-05,1.679074e-06,1.000000e-07,1.000000e-07,
460920,5.122905e-06,1.000000e-05,1.673280e-06,1.000000e-07,1.000000e-07,
465930,4.968491e-06,1.000000e-05,1.665964e-06,1.000000e-07,1.000000e-07,
470940,4.846663e-06,1.000000e-05,1.658784e-06,1.000000e-07,1.000000e-07,
475950,4.783897e-06,1.000000e-05,1.653118e-06,1.000000e-07,1.000000e-07,
480960,4.734084e-06,1.000000e-05,1.648054e-06,1.000000e-07,1.000000e-07,
485970,4.691533e-06,1.000000e-05,1.641551e-06,1.000000e-07,1.000000e-07,
490980,4.649656e-06,1.000000e-05,1.635658e-06,1.000000e-07,1.000000e-07,
495990,4.612924e-06,1.000000e-05,1.629756e-06,1.000000e-07,1.000000e-07,
501000,4.580292e-06,1.000000e-05,1.624524e-06,1.000000e-07,1.000000e-07,
506010,4.550546e-06,1.000000e-05,1.621296e-06,1.000000e-07,1.000000e-07,
511020,4.857119e-06,1.000000e-05,1.627775e-06,1.000000e-07,1.000000e-07,
516030,5.212832e-06,1.000000e-05,1.643441e-06,1.000000e-07,1.000000e-07,
521040,5.193993e-06,1.000000e-05,1.655658e-06,1.000000e-07,1.000000e-07,
526050,5.103930e-06,1.000000e-05,1.666449e-06,1.000000e-07,1.000000e-07,
531060,5.007076e-06,1.000000e-05,1.676848e-06,1.000000e-07,1.000000e-07,
536070,4.945280e-06,1.000000e-05,1.686786e-06,1.000000e-07,1.000000e-07,
541080,4.915207e-06,1.000000e-05,1.697788e-06,1.000000e-07,1.000000e-07,
546090,4.898139e-06,1.000000e-05,1.708899e-06,1.000000e-07,1.000000e-07,
551100,4.886571e-06,1.000000e-05,1.720913e-06,1.000000e-07,1.000000e-07,
556110,4.875133e-06,1.000000e-05,1.733749e-06,1.000000e-07,1.000000e-07,
561120,4.864751e-06,1.000000e-05,1.747403e-06,1.000000e-07,1.000000e-07,
566130,4.854498e-06,1.000000e-05,1.761516e-06,1.000000e-07,1.000000e-07,
571140,4.848705e-06,1.000000e-05,1.776409e-06,1.000000e-07,1.000000e-07,
576150,4.844561e-06,1.000000e-05,1.792402e-06,1.000000e-07,1.000000e-07,
581160,4.838553e-06,1.000000e-05,1.808672e-06,1.000000e-07,1.000000e-07,
586170,4.833688e-06,1.000000e-05,1.824613e-06,1.000000e-07,1.000000e-07,
591180,4.826632e-06,1.000000e-05,1.838984e-06,1.000000e-07,1.000000e-07,
596190,4.819137e-06,1.000000e-05,1.852059e-06,1.000000e-07,1.000000e-07,
601200,4.813446e-06,1.000000e-05,1.862396e-06,1.000000e-07,1.000000e-07,
606210,4.812007e-06,1.000000e-05,1.870844e-06,1.000000e-07,1.000000e-07,
sub,o2,nh4,no2,no3,
5010,2.845918e-05,1.000000e-05,4.726232e-06,1.000000e-07,1.000000e-07,
10020,2.757063e-05,1.000000e-05,4.200412e-06,1.000000e-07,1.000000e-07,
15030,2.678525e-05,1.000000e-05,3.888707e-06,1.000000e-07,1.000000e-07,
20040,2.597926e-05,1.000000e-05,3.674415e-06,1.000000e-07,1.000000e-07,
25050,2.508059e-05,1.000000e-05,3.504469e-06,1.000000e-07,1.000000e-07,
30060,2.403966e-05,1.000000e-05,3.351722e-06,1.000000e-07,1.000000e-07,
35070,2.281799e-05,1.000000e-05,3.204242e-06,1.000000e-07,1.000000e-07,
40080,2.138920e-05,1.000000e-05,3.061772e-06,1.000000e-07,1.000000e-07,
45090,1.973254e-05,1.000000e-05,2.921540e-06,1.000000e-07,1.000000e-07,
50100,1.783304e-05,1.000000e-05,2.779167e-06,1.000000e-07,1.000000e-07,
55110,1.571577e-05,1.000000e-05,2.639197e-06,1.000000e-07,1.000000e-07,
60120,1.346546e-05,1.000000e-05,2.503381e-06,1.000000e-07,1.000000e-07,
65130,1.124499e-05,1.000000e-05,2.373124e-06,1.000000e-07,1.000000e-07,
70140,9.265835e-06,1.000000e-05,2.245347e-06,1.000000e-07,1.000000e-07,
75150,7.785212e-06,1.000000e-05,2.125256e-06,1.000000e-07,1.000000e-07,
80160,6.825737e-06,1.000000e-05,2.014589e-06,1.000000e-07,1.000000e-07,
85170,6.246262e-06,1.000000e-05,1.916419e-06,1.000000e-07,1.000000e-07,
90180,5.863556e-06,1.000000e-05,1.824384e-06,1.000000e-07,1.000000e-07,
95190,5.617370e-06,1.000000e-05,1.741634e-06,1.000000e-07,1.000000e-07,
100200,5.476697e-06,1.000000e-05,1.667889e-06,1.000000e-07,1.000000e-07,
105210,5.327432e-06,1.000000e-05,1.601041e-06,1.000000e-07,1.000000e-07,
110220,5.302977e-06,1.000000e-05,1.549874e-06,1.000000e-07,1.000000e-07,
115230,5.111629e-06,1.000000e-05,1.493265e-06,1.000000e-07,1.000000e-07,
120240,5.222637e-06,1.000000e-05,1.458931e-06,1.000000e-07,1.000000e-07,
125250,4.913202e-06,1.000000e-05,1.405745e-06,1.000000e-07,1.000000e-07,
130260,5.072562e-06,1.000000e-05,1.380099e-06,1.000000e-07,1.000000e-07,
135270,5.036754e-06,1.000000e-05,1.355089e-06,1.000000e-07,1.000000e-07,
140280,5.030326e-06,1.000000e-05,1.330313e-06,1.000000e-07,1.000000e-07,
145290,4.976544e-06,1.000000e-05,1.306341e-06,1.000000e-07,1.000000e-07,
150300,4.790580e-06,1.000000e-05,1.280973e-06,1.000000e-07,1.000000e-07,
155310,4.992284e-06,1.000000e-05,1.277381e-06,1.000000e-07,1.000000e-07,
160320,4.971972e-06,1.000000e-05,1.270513e-06,1.000000e-07,1.000000e-07,
165330,4.833236e-06,1.000000e-05,1.253115e-06,1.000000e-07,1.000000e-07,
170340,5.057231e-06,1.000000e-05,1.264507e-06,1.000000e-07,1.000000e-07,
175350,4.772396e-06,1.000000e-05,1.239862e-06,1.000000e-07,1.000000e-07,
180360,5.386142e-06,1.000000e-05,1.292438e-06,1.000000e-07,1.000000e-07,
185370,4.961345e-06,1.000000e-05,1.278597e-06,1.000000e-07,1.000000e-07,
190380,4.833098e-06,1.000000e-05,1.259051e-06,1.000000e-07,1.000000e-07,
195390,4.837155e-06,1.000000e-05,1.250946e-06,1.000000e-07,1.000000e-07,
200400,4.766350e-06,1.000000e-05,1.260289e-06,1.000000e-07,1.000000e-07,
205410,5.011665e-06,1.000000e-05,1.269040e-06,1.000000e-07,1.000000e-07,
210420,4.896897e-06,1.000000e-05,1.270583e-06,1.000000e-07,1.000000e-07,
215430,4.820371e-06,1.000000e-05,1.278175e-06,1.000000e-07,1.000000e-07,
220440,4.855771e-06,1.000000e-05,1.277964e-06,1.000000e-07,1.000000e-07,
225450,4.871203e-06,1.000000e-05,1.290317e-06,1.000000e-07,1.000000e-07,
230460,4.871570e-06,1.000000e-05,1.302707e-06,1.000000e-07,1.000000e-07,
235470,4.836140e-06,1.000000e-05,1.303572e-06,1.000000e-07,1.000000e-07,
240480,4.747139e-06,1.000000e-05,1.319406e-06,1.000000e-07,1.000000e-07,
245490,4.863946e-06,1.000000e-05,1.325339e-06,1.000000e-07,1.000000e-07,
250500,4.712172e-06,1.000000e-05,1.319890e-06,1.000000e-07,1.000000e-07,
255510,4.790033e-06,1.000000e-05,1.355472e-06,1.000000e-07,1.000000e-07,
260520,4.698561e-06,1.000000e-05,1.369390e-06,1.000000e-07,1.000000e-07,
265530,4.791609e-06,1.000000e-05,1.368536e-06,1.000000e-07,1.000000e-07,
270540,4.807083e-06,1.000000e-05,1.373351e-06,1.000000e-07,1.000000e-07,
275550,4.603700e-06,1.000000e-05,1.384814e-06,1.000000e-07,1.000000e-07,
280560,4.906136e-06,1.000000e-05,1.396204e-06,1.000000e-07,1.000000e-07,
285570,4.803416e-06,1.000000e-05,1.406156e-06,1.000000e-07,1.000000e-07,
290580,4.878578e-06,1.000000e-05,1.416844e-06,1.000000e-07,1.000000e-07,
295590,4.777084e-06,1.000000e-05,1.412701e-06,1.000000e-07,1.000000e-07,
300600,4.799843e-06,1.000000e-05,1.432063e-06,1.000000e-07,1.000000e-07,
305610,4.843676e-06,1.000000e-05,1.443945e-06,1.000000e-07,1.000000e-07,
sub,o2,nh4,no2,no3,
5010,2.845918e-05,1.000000e-05,4.726232e-06,1.000000e-07,1.000000e-07,
10020,2.757063e-05,1.000000e-05,4.200412e-06,1.000000e-07,1.000000e-07,
15030,2.678525e-05,1.000000e-05,3.888707e-06,1.000000e-07,1.000000e-07,
20040,2.597926e-05,1.000000e-05,3.674415e-06,1.000000e-07,1.000000e-07,
25050,2.508059e-05,1.000000e-05,3.504469e-06,1.000000e-07,1.000000e-07,
30060,2.403966e-05,1.000000e-05,3.351722e-06,1.000000e-07,1.000000e-07,
sub,o2,nh4,no2,no3,
5010,2.845921e-05,1.000000e-05,4.726795e-06,1.000000e-07,1.000000e-07,
10020,2.757066e-05,1.000000e-05,4.200955e-06,1.000000e-07,1.000000e-07,
15030,2.678533e-05,1.000000e-05,3.889122e-06,1.000000e-07,1.000000e-07,
20040,2.597971e-05,1.000000e-05,3.675381e-06,1.000000e-07,1.000000e-07,
25050,2.508133e-05,1.000000e-05,3.505998e-06,1.000000e-07,1.000000e-07,
30060,2.404035e-05,1.000000e-05,3.352929e-06,1.000000e-07,1.000000e-07,
35070,2.281860e-05,1.000000e-05,3.205194e-06,1.000000e-07,1.000000e-07,
40080,2.138980e-05,1.000000e-05,3.062889e-06,1.000000e-07,1.000000e-07,
45090,1.973140e-05,1.000000e-05,2.922394e-06,1.000000e-07,1.000000e-07,
50100,1.783203e-05,1.000000e-05,2.781296e-06,1.000000e-07,1.000000e-07,
55110,1.571529e-05,1.000000e-05,2.642245e-06,1.000000e-07,1.000000e-07,
60120,1.346427e-05,1.000000e-05,2.507412e-06,1.000000e-07,1.000000e-07,
65130,1.123805e-05,1.000000e-05,2.378314e-06,1.000000e-07,1.000000e-07,
70140,9.273299e-06,1.000000e-05,2.254083e-06,1.000000e-07,1.000000e-07,
75150,7.820169e-06,1.000000e-05,2.139296e-06,1.000000e-07,1.000000e-07,
80160,6.835763e-06,1.000000e-05,2.029663e-06,1.000000e-07,1.000000e-07,
85170,6.231598e-06,1.000000e-05,1.929236e-06,1.000000e-07,1.000000e-07,
90180,5.843260e-06,1.000000e-05,1.838783e-06,1.000000e-07,1.000000e-07,
95190,5.601775e-06,1.000000e-05,1.759501e-06,1.000000e-07,1.000000e-07,
100200,5.451368e-06,1.000000e-05,1.689629e-06,1.000000e-07,1.000000e-07,
105210,5.363841e-06,1.000000e-05,1.629047e-06,1.000000e-07,1.000000e-07,
110220,5.279672e-06,1.000000e-05,1.577800e-06,1.000000e-07,1.000000e-07,
115230,5.227655e-06,1.000000e-05,1.529324e-06,1.000000e-07,1.000000e-07,
120240,4.911601e-06,1.000000e-05,1.471544e-06,1.000000e-07,1.000000e-07,
125250,5.025042e-06,1.000000e-05,1.440381e-06,1.000000e-07,1.000000e-07,
130260,4.915172e-06,1.000000e-05,1.410003e-06,1.000000e-07,1.000000e-07,
135270,4.946896e-06,1.000000e-05,1.381349e-06,1.000000e-07,1.000000e-07,
140280,4.980499e-06,1.000000e-05,1.363936e-06,1.000000e-07,1.000000e-07,
145290,4.889856e-06,1.000000e-05,1.341716e-06,1.000000e-07,1.000000e-07,
150300,4.890303e-06,1.000000e-05,1.323819e-06,1.000000e-07,1.000000e-07,
155310,4.801887e-06,1.000000e-05,1.316584e-06,1.000000e-07,1.000000e-07,
160320,5.013175e-06,1.000000e-05,1.314709e-06,1.000000e-07,1.000000e-07,
165330,4.919410e-06,1.000000e-05,1.307730e-06,1.000000e-07,1.000000e-07,
170340,4.996354e-06,1.000000e-05,1.308560e-06,1.000000e-07,1.000000e-07,
175350,4.840233e-06,1.000000e-05,1.290803e-06,1.000000e-07,1.000000e-07,
180360,5.289817e-06,1.000000e-05,1.328991e-06,1.000000e-07,1.000000e-07,
185370,4.961154e-06,1.000000e-05,1.325950e-06,1.000000e-07,1.000000e-07,
190380,4.638648e-06,1.000000e-05,1.296252e-06,1.000000e-07,1.000000e-07,
195390,4.861671e-06,1.000000e-05,1.304219e-06,1.000000e-07,1.000000e-07,
200400,4.779812e-06,1.000000e-05,1.311433e-06,1.000000e-07,1.000000e-07,
205410,4.984268e-06,1.000000e-05,1.318647e-06,1.000000e-07,1.000000e-07,
210420,4.969551e-06,1.000000e-05,1.328200e-06,1.000000e-07,1.000000e-07,
215430,4.684708e-06,1.000000e-05,1.311804e-06,1.000000e-07,1.000000e-07,
220440,4.840699e-06,1.000000e-05,1.331673e-06,1.000000e-07,1.000000e-07,
225450,4.778873e-06,1.000000e-05,1.353065e-06,1.000000e-07,1.000000e-07,
230460,4.870550e-06,1.000000e-05,1.359706e-06,1.000000e-07,1.000000e-07,
235470,4.847159e-06,1.000000e-05,1.362187e-06,1.000000e-07,1.000000e-07,
240480,4.656982e-06,1.000000e-05,1.366152e-06,1.000000e-07,1.000000e-07,
245490,4.965252e-06,1.000000e-05,1.380744e-06,1.000000e-07,1.000000e-07,
250500,4.878959e-06,1.000000e-05,1.383640e-06,1.000000e-07,1.000000e-07,
255510,4.665667e-06,1.000000e-05,1.387360e-06,1.000000e-07,1.000000e-07,
260520,4.863262e-06,1.000000e-05,1.395399e-06,1.000000e-07,1.000000e-07,
265530,4.848994e-06,1.000000e-05,1.414756e-06,1.000000e-07,1.000000e-07,
270540,4.908879e-06,1.000000e-05,1.421159e-06,1.000000e-07,1.000000e-07,
275550,5.002827e-06,1.000000e-05,1.433699e-06,1.000000e-07,1.000000e-07,
280560,4.741471e-06,1.000000e-05,1.440571e-06,1.000000e-07,1.000000e-07,
285570,5.059559e-06,1.000000e-05,1.447413e-06,1.000000e-07,1.000000e-07,
290580,4.777253e-06,1.000000e-05,1.443262e-06,1.000000e-07,1.000000e-07,
295590,4.875260e-06,1.000000e-05,1.477091e-06,1.000000e-07,1.000000e-07,
300600,5.152415e-06,1.000000e-05,1.519237e-06,1.000000e-07,1.000000e-07,
305610,5.043128e-06,1.000000e-05,1.588338e-06,1.000000e-07,1.000000e-07,
310620,4.820335e-06,1.000000e-05,1.691132e-06,1.000000e-07,1.000000e-07,
315630,4.836607e-06,1.000000e-05,1.798915e-06,1.000000e-07,1.000000e-07,
320640,5.223196e-06,1.000000e-05,1.868158e-06,1.000000e-07,1.000000e-07,
325650,5.125017e-06,1.000000e-05,1.903251e-06,1.000000e-07,1.000000e-07,
330660,4.886447e-06,1.000000e-05,1.916738e-06,1.000000e-07,1.000000e-07,
335670,4.744557e-06,1.000000e-05,1.920077e-06,1.000000e-07,1.000000e-07,
340680,4.656541e-06,1.000000e-05,1.919539e-06,1.000000e-07,1.000000e-07,
345690,5.033732e-06,1.000000e-05,1.915929e-06,1.000000e-07,1.000000e-07,
350700,5.206634e-06,1.000000e-05,1.909964e-06,1.000000e-07,1.000000e-07,
355710,5.048694e-06,1.000000e-05,1.904508e-06,1.000000e-07,1.000000e-07,
360720,4.854831e-06,1.000000e-05,1.898432e-06,1.000000e-07,1.000000e-07,
365730,4.749908e-06,1.000000e-05,1.889622e-06,1.000000e-07,1.000000e-07,
370740,4.987229e-06,1.000000e-05,1.877389e-06,1.000000e-07,1.000000e-07,
375750,5.300056e-06,1.000000e-05,1.861188e-06,1.000000e-07,1.000000e-07,
380760,5.217044e-06,1.000000e-05,1.842775e-06,1.000000e-07,1.000000e-07,
385770,5.016532e-06,1.000000e-05,1.823115e-06,1.000000e-07,1.000000e-07,
390780,4.888585e-06,1.000000e-05,1.803494e-06,1.000000e-07,1.000000e-07,
395790,4.817933e-06,1.000000e-05,1.784631e-06,1.000000e-07,1.000000e-07,
400800,4.763148e-06,1.000000e-05,1.766707e-06,1.000000e-07,1.000000e-07,
405810,4.716384e-06,1.000000e-05,1.748808e-06,1.000000e-07,1.000000e-07,
410820,5.226470e-06,1.000000e-05,1.736485e-06,1.000000e-07,1.000000e-07,
415830,5.352780e-06,1.000000e-05,1.726858e-06,1.000000e-07,1.000000e-07,
420840,5.235647e-06,1.000000e-05,1.717053e-06,1.000000e-07,1.000000e-07,
425850,5.054523e-06,1.000000e-05,1.705759e-06,1.000000e-07,1.000000e-07,
430860,4.946906e-06,1.000000e-05,1.696026e-06,1.000000e-07,1.000000e-07,
435870,4.887720e-06,1.000000e-05,1.686660e-06,1.000000e-07,1.000000e-07,
440880,4.840531e-06,1.000000e-05,1.678295e-06,1.000000e-07,1.000000e-07,
445890,4.796454e-06,1.000000e-05,1.669949e-06,1.000000e-07,1.000000e-07,
450900,4.756175e-06,1.000000e-05,1.662331e-06,1.000000e-07,1.000000e-07,
455910,4.718910e-06,1.000000e-05,1.654821e-06,1.000000e-07,1.000000e-07,
460920,4.683681e-06,1.000000e-05,1.647303e-06,1.000000e-07,1.000000e-07,
465930,4.644735e-06,1.000000e-05,1.639612e-06,1.000000e-07,1.000000e-07,
470940,4.610728e-06,1.000000e-05,1.632491e-06,1.000000e-07,1.000000e-07,
475950,5.046677e-06,1.000000e-05,1.637121e-06,1.000000e-07,1.000000e-07,
480960,5.273088e-06,1.000000e-05,1.639885e-06,1.000000e-07,1.000000e-07,
485970,5.201335e-06,1.000000e-05,1.638465e-06,1.000000e-07,1.000000e-07,
490980,5.061156e-06,1.000000e-05,1.637545e-06,1.000000e-07,1.000000e-07,
495990,4.956255e-06,1.000000e-05,1.638068e-06,1.000000e-07,1.000000e-07,
501000,4.905424e-06,1.000000e-05,1.639385e-06,1.000000e-07,1.000000e-07,
506010,4.882491e-06,1.000000e-05,1.641093e-06,1.000000e-07,1.000000e-07,
511020,4.861964e-06,1.000000e-05,1.643531e-06,1.000000e-07,1.000000e-07,
516030,4.847731e-06,1.000000e-05,1.646371e-06,1.000000e-07,1.000000e-07,
521040,4.834813e-06,1.000000e-05,1.649384e-06,1.000000e-07,1.000000e-07,
526050,4.824958e-06,1.000000e-05,1.652567e-06,1.000000e-07,1.000000e-07,
531060,4.816991e-06,1.000000e-05,1.655773e-06,1.000000e-07,1.000000e-07,
536070,4.810877e-06,1.000000e-05,1.659423e-06,1.000000e-07,1.000000e-07,
541080,4.803642e-06,1.000000e-05,1.663424e-06,1.000000e-07,1.000000e-07,
546090,4.801371e-06,1.000000e-05,1.667655e-06,1.000000e-07,1.000000e-07,
551100,4.799401e-06,1.000000e-05,1.671804e-06,1.000000e-07,1.000000e-07,
556110,4.794060e-06,1.000000e-05,1.676643e-06,1.000000e-07,1.000000e-07,
561120,4.785770e-06,1.000000e-05,1.681443e-06,1.000000e-07,1.000000e-07,
566130,4.783787e-06,1.000000e-05,1.686573e-06,1.000000e-07,1.000000e-07,
571140,4.784867e-06,1.000000e-05,1.692773e-06,1.000000e-07,1.000000e-07,
576150,4.786839e-06,1.000000e-05,1.700148e-06,1.000000e-07,1.000000e-07,
581160,4.786837e-06,1.000000e-05,1.707471e-06,1.000000e-07,1.000000e-07,
586170,4.784057e-06,1.000000e-05,1.715354e-06,1.000000e-07,1.000000e-07,
591180,4.781428e-06,1.000000e-05,1.724167e-06,1.000000e-07,1.000000e-07,
596190,4.783611e-06,1.000000e-05,1.733471e-06,1.000000e-07,1.000000e-07,
601200,4.783767e-06,1.000000e-05,1.743818e-06,1.000000e-07,1.000000e-07,
606210,4.780183e-06,1.000000e-05,1.755533e-06,1.000000e-07,1.000000e-07,
611220,4.777281e-06,1.000000e-05,1.767635e-06,1.000000e-07,1.000000e-07,
616230,4.772620e-06,1.000000e-05,1.779652e-06,1.000000e-07,1.000000e-07,
621240,4.771349e-06,1.000000e-05,1.791606e-06,1.000000e-07,1.000000e-07,
626250,4.768582e-06,1.000000e-05,1.802594e-06,1.000000e-07,1.000000e-07,
631260,4.767182e-06,1.000000e-05,1.812975e-06,1.000000e-07,1.000000e-07,
636270,4.767851e-06,1.000000e-05,1.822590e-06,1.000000e-07,1.000000e-07,
641280,4.769395e-06,1.000000e-05,1.831160e-06,1.000000e-07,1.000000e-07,
646290,4.767647e-06,1.000000e-05,1.838502e-06,1.000000e-07,1.000000e-07,
651300,4.767341e-06,1.000000e-05,1.844368e-06,1.000000e-07,1.000000e-07,
656310,4.766362e-06,1.000000e-05,1.848988e-06,1.000000e-07,1.000000e-07,
661320,4.768464e-06,1.000000e-05,1.853086e-06,1.000000e-07,1.000000e-07,
666330,4.767995e-06,1.000000e-05,1.856318e-06,1.000000e-07,1.000000e-07,
671340,4.768680e-06,1.000000e-05,1.859242e-06,1.000000e-07,1.000000e-07,
676350,4.769799e-06,1.000000e-05,1.861596e-06,1.000000e-07,1.000000e-07,
681360,4.769598e-06,1.000000e-05,1.863812e-06,1.000000e-07,1.000000e-07,
686370,4.772492e-06,1.000000e-05,1.866393e-06,1.000000e-07,1.000000e-07,
691380,4.771632e-06,1.000000e-05,1.868747e-06,1.000000e-07,1.000000e-07,
696390,4.769254e-06,1.000000e-05,1.870880e-06,1.000000e-07,1.000000e-07,
701400,4.768382e-06,1.000000e-05,1.872538e-06,1.000000e-07,1.000000e-07,
706410,4.766936e-06,1.000000e-05,1.874143e-06,1.000000e-07,1.000000e-07,
711420,4.768721e-06,1.000000e-05,1.875800e-06,1.000000e-07,1.000000e-07,
716430,4.768774e-06,1.000000e-05,1.877482e-06,1.000000e-07,1.000000e-07,
721440,4.769000e-06,1.000000e-05,1.878601e-06,1.000000e-07,1.000000e-07,
726450,4.767641e-06,1.000000e-05,1.879594e-06,1.000000e-07,1.000000e-07,
731460,4.765762e-06,1.000000e-05,1.880544e-06,1.000000e-07,1.000000e-07,
736470,4.764925e-06,1.000000e-05,1.881711e-06,1.000000e-07,1.000000e-07,
741480,4.766881e-06,1.000000e-05,1.883038e-06,1.000000e-07,1.000000e-07,
746490,4.768459e-06,1.000000e-05,1.884334e-06,1.000000e-07,1.000000e-07,
751500,4.767867e-06,1.000000e-05,1.884898e-06,1.000000e-07,1.000000e-07,
756510,4.766852e-06,1.000000e-05,1.885385e-06,1.000000e-07,1.000000e-07,
761520,4.766948e-06,1.000000e-05,1.886543e-06,1.000000e-07,1.000000e-07,
766530,4.766466e-06,1.000000e-05,1.887065e-06,1.000000e-07,1.000000e-07,
771540,4.766492e-06,1.000000e-05,1.887782e-06,1.000000e-07,1.000000e-07,
776550,4.765618e-06,1.000000e-05,1.888577e-06,1.000000e-07,1.000000e-07,
781560,4.765959e-06,1.000000e-05,1.889646e-06,1.000000e-07,1.000000e-07,
786570,4.766590e-06,1.000000e-05,1.890300e-06,1.000000e-07,1.000000e-07,
791580,4.766938e-06,1.000000e-05,1.891012e-06,1.000000e-07,1.000000e-07,
796590,4.768709e-06,1.000000e-05,1.891635e-06,1.000000e-07,1.000000e-07,
801600,4.768245e-06,1.000000e-05,1.891896e-06,1.000000e-07,1.000000e-07,
806610,4.765832e-06,1.000000e-05,1.892357e-06,1.000000e-07,1.000000e-07,
811620,4.763972e-06,1.000000e-05,1.892719e-06,1.000000e-07,1.000000e-07,
816630,4.763373e-06,1.000000e-05,1.892919e-06,1.000000e-07,1.000000e-07,
821640,4.762977e-06,1.000000e-05,1.893145e-06,1.000000e-07,1.000000e-07,
826650,4.763538e-06,1.000000e-05,1.893746e-06,1.000000e-07,1.000000e-07,
831660,4.764895e-06,1.000000e-05,1.893975e-06,1.000000e-07,1.000000e-07,
836670,4.766955e-06,1.000000e-05,1.894149e-06,1.000000e-07,1.000000e-07,
841680,4.769473e-06,1.000000e-05,1.894868e-06,1.000000e-07,1.000000e-07,
846690,4.771010e-06,1.000000e-05,1.894855e-06,1.000000e-07,1.000000e-07,
851700,4.771688e-06,1.000000e-05,1.894884e-06,1.000000e-07,1.000000e-07,
856710,4.773081e-06,1.000000e-05,1.895247e-06,1.000000e-07,1.000000e-07,
861720,4.774220e-06,1.000000e-05,1.895110e-06,1.000000e-07,1.000000e-07,
866730,4.773720e-06,1.000000e-05,1.895265e-06,1.000000e-07,1.000000e-07,
871740,4.772935e-06,1.000000e-05,1.895100e-06,1.000000e-07,1.000000e-07,
876750,4.771117e-06,1.000000e-05,1.894836e-06,1.000000e-07,1.000000e-07,
881760,4.769280e-06,1.000000e-05,1.894623e-06,1.000000e-07,1.000000e-07,
886770,4.767783e-06,1.000000e-05,1.894589e-06,1.000000e-07,1.000000e-07,
891780,4.765472e-06,1.000000e-05,1.894092e-06,1.000000e-07,1.000000e-07,
896790,4.763800e-06,1.000000e-05,1.893691e-06,1.000000e-07,1.000000e-07,
sub,o2,nh4,no2,no3,
5010,2.845921e-05,1.000000e-05,4.726795e-06,1.000000e-07,1.000000e-07,
10020,2.757066e-05,1.000000e-05,4.200955e-06,1.000000e-07,1.000000e-07,
sub,o2,nh4,no2,no3,
5010,2.845921e-05,1.000000e-05,4.726785e-06,1.000000e-07,1.000000e-07,
10020,2.757066e-05,1.000000e-05,4.200956e-06,1.000000e-07,1.000000e-07,
15030,2.678531e-05,1.000000e-05,3.889144e-06,1.000000e-07,1.000000e-07,
sub,o2,nh4,no2,no3,
5010,2.845899e-05,1.000000e-05,4.727343e-06,1.000000e-07,1.000000e-07,
10020,2.757011e-05,1.000000e-05,4.202333e-06,1.000000e-07,1.000000e-07,
15030,2.678469e-05,1.000000e-05,3.891561e-06,1.000000e-07,1.000000e-07,
20040,2.597906e-05,1.000000e-05,3.678401e-06,1.000000e-07,1.000000e-07,
sub,o2,nh4,no2,no3,
5010,2.845899e-05,1.000000e-05,4.727343e-06,1.000000e-07,1.000000e-07,
10020,2.757011e-05,1.000000e-05,4.202333e-06,1.000000e-07,1.000000e-07,
15030,2.678469e-05,1.000000e-05,3.891561e-06,1.000000e-07,1.000000e-07,
sub,o2,nh4,no2,no3,
5010,2.845899e-05,1.000000e-05,4.727343e-06,1.000000e-07,1.000000e-07,
10020,2.757011e-05,1.000000e-05,4.202333e-06,1.000000e-07,1.000000e-07,
15030,2.678469e-05,1.000000e-05,3.891561e-06,1.000000e-07,1.000000e-07,
sub,o2,nh4,no2,no3,
5010,2.845899e-05,1.000000e-05,4.727343e-06,1.000000e-07,1.000000e-07,
10020,2.757011e-05,1.000000e-05,4.202333e-06,1.000000e-07,1.000000e-07,
15030,2.678469e-05,1.000000e-05,3.891561e-06,1.000000e-07,1.000000e-07,
20040,2.597906e-05,1.000000e-05,3.678401e-06,1.000000e-07,1.000000e-07,
25050,2.508052e-05,1.000000e-05,3.507929e-06,1.000000e-07,1.000000e-07,
30060,2.404027e-05,1.000000e-05,3.355064e-06,1.000000e-07,1.000000e-07,
35070,2.282044e-05,1.000000e-05,3.208296e-06,1.000000e-07,1.000000e-07,
40080,2.138910e-05,1.000000e-05,3.062731e-06,1.000000e-07,1.000000e-07,
45090,1.973124e-05,1.000000e-05,2.921943e-06,1.000000e-07,1.000000e-07,
50100,1.783493e-05,1.000000e-05,2.781006e-06,1.000000e-07,1.000000e-07,
55110,1.572639e-05,1.000000e-05,2.642193e-06,1.000000e-07,1.000000e-07,
60120,1.349317e-05,1.000000e-05,2.508476e-06,1.000000e-07,1.000000e-07,
65130,1.126875e-05,1.000000e-05,2.376754e-06,1.000000e-07,1.000000e-07,
70140,9.330959e-06,1.000000e-05,2.252463e-06,1.000000e-07,1.000000e-07,
75150,7.890255e-06,1.000000e-05,2.135667e-06,1.000000e-07,1.000000e-07,
80160,7.140059e-06,1.000000e-05,2.034133e-06,1.000000e-07,1.000000e-07,
85170,6.560386e-06,1.000000e-05,1.934980e-06,1.000000e-07,1.000000e-07,
90180,6.244639e-06,1.000000e-05,1.846760e-06,1.000000e-07,1.000000e-07,
95190,5.846219e-06,1.000000e-05,1.760594e-06,1.000000e-07,1.000000e-07,
100200,5.716151e-06,1.000000e-05,1.688383e-06,1.000000e-07,1.000000e-07,
105210,5.868175e-06,1.000000e-05,1.638292e-06,1.000000e-07,1.000000e-07,
110220,5.607330e-06,1.000000e-05,1.581176e-06,1.000000e-07,1.000000e-07,
115230,5.613206e-06,1.000000e-05,1.531785e-06,1.000000e-07,1.000000e-07,
120240,5.603274e-06,1.000000e-05,1.496994e-06,1.000000e-07,1.000000e-07,
125250,5.210273e-06,1.000000e-05,1.446828e-06,1.000000e-07,1.000000e-07,
130260,5.419768e-06,1.000000e-05,1.424976e-06,1.000000e-07,1.000000e-07,
135270,5.357975e-06,1.000000e-05,1.399058e-06,1.000000e-07,1.000000e-07,
140280,5.410641e-06,1.000000e-05,1.386200e-06,1.000000e-07,1.000000e-07,
145290,5.273974e-06,1.000000e-05,1.364010e-06,1.000000e-07,1.000000e-07,
150300,5.117900e-06,1.000000e-05,1.359693e-06,1.000000e-07,1.000000e-07,
155310,5.245248e-06,1.000000e-05,1.346488e-06,1.000000e-07,1.000000e-07,
160320,5.279007e-06,1.000000e-05,1.362677e-06,1.000000e-07,1.000000e-07,
165330,5.421858e-06,1.000000e-05,1.345957e-06,1.000000e-07,1.000000e-07,
170340,5.472969e-06,1.000000e-05,1.360862e-06,1.000000e-07,1.000000e-07,
175350,5.032865e-06,1.000000e-05,1.348921e-06,1.000000e-07,1.000000e-07,
180360,5.439545e-06,1.000000e-05,1.389277e-06,1.000000e-07,1.000000e-07,
185370,5.245168e-06,1.000000e-05,1.361350e-06,1.000000e-07,1.000000e-07,
190380,5.380054e-06,1.000000e-05,1.388306e-06,1.000000e-07,1.000000e-07,
195390,5.220020e-06,1.000000e-05,1.397167e-06,1.000000e-07,1.000000e-07,
200400,5.065663e-06,1.000000e-05,1.361839e-06,1.000000e-07,1.000000e-07,
205410,5.240216e-06,1.000000e-05,1.425749e-06,1.000000e-07,1.000000e-07,
210420,5.349306e-06,1.000000e-05,1.419365e-06,1.000000e-07,1.000000e-07,
215430,4.907194e-06,1.000000e-05,1.379615e-06,1.000000e-07,1.000000e-07,
220440,5.135536e-06,1.000000e-05,1.435038e-06,1.000000e-07,1.000000e-07,
225450,5.186514e-06,1.000000e-05,1.478659e-06,1.000000e-07,1.000000e-07,
230460,5.213040e-06,1.000000e-05,1.467015e-06,1.000000e-07,1.000000e-07,
235470,5.338905e-06,1.000000e-05,1.451257e-06,1.000000e-07,1.000000e-07,
240480,5.199632e-06,1.000000e-05,1.457286e-06,1.000000e-07,1.000000e-07,
245490,5.014574e-06,1.000000e-05,1.495782e-06,1.000000e-07,1.000000e-07,
250500,5.219943e-06,1.000000e-05,1.506809e-06,1.000000e-07,1.000000e-07,
255510,5.099646e-06,1.000000e-05,1.490647e-06,1.000000e-07,1.000000e-07,
260520,4.932173e-06,1.000000e-05,1.495293e-06,1.000000e-07,1.000000e-07,
265530,5.110958e-06,1.000000e-05,1.547786e-06,1.000000e-07,1.000000e-07,
270540,5.141558e-06,1.000000e-05,1.557712e-06,1.000000e-07,1.000000e-07,
275550,5.231513e-06,1.000000e-05,1.549649e-06,1.000000e-07,1.000000e-07,
280560,4.860689e-06,1.000000e-05,1.548119e-06,1.000000e-07,1.000000e-07,
285570,5.094250e-06,1.000000e-05,1.555412e-06,1.000000e-07,1.000000e-07,
290580,5.142462e-06,1.000000e-05,1.625331e-06,1.000000e-07,1.000000e-07,
295590,5.220581e-06,1.000000e-05,1.691018e-06,1.000000e-07,1.000000e-07,
300600,5.087218e-06,1.000000e-05,1.702712e-06,1.000000e-07,1.000000e-07,
305610,4.962056e-06,1.000000e-05,1.683151e-06,1.000000e-07,1.000000e-07,
310620,5.160026e-06,1.000000e-05,1.659001e-06,1.000000e-07,1.000000e-07,
sub,o2,nh4,no2,no3,
5010,2.850846e-05,1.000000e-05,4.767328e-06,1.000000e-07,1.000000e-07,
10020,2.764771e-05,1.000000e-05,4.257137e-06,1.000000e-07,1.000000e-07,
15030,2.688676e-05,1.000000e-05,3.953908e-06,1.000000e-07,1.000000e-07,
20040,2.610578e-05,1.000000e-05,3.745032e-06,1.000000e-07,1.000000e-07,
25050,2.523416e-05,1.000000e-05,3.577374e-06,1.000000e-07,1.000000e-07,
30060,2.422412e-05,1.000000e-05,3.426394e-06,1.000000e-07,1.000000e-07,
35070,2.303866e-05,1.000000e-05,3.281217e-06,1.000000e-07,1.000000e-07,
40080,2.164545e-05,1.000000e-05,3.136574e-06,1.000000e-07,1.000000e-07,
45090,2.002795e-05,1.000000e-05,2.996027e-06,1.000000e-07,1.000000e-07,
50100,1.817140e-05,1.000000e-05,2.855006e-06,1.000000e-07,1.000000e-07,
55110,1.610267e-05,1.000000e-05,2.717227e-06,1.000000e-07,1.000000e-07,
60120,1.388972e-05,1.000000e-05,2.582629e-06,1.000000e-07,1.000000e-07,
65130,1.168615e-05,1.000000e-05,2.451309e-06,1.000000e-07,1.000000e-07,
70140,9.658208e-06,1.000000e-05,2.320455e-06,1.000000e-07,1.000000e-07,
75150,8.213945e-06,1.000000e-05,2.203685e-06,1.000000e-07,1.000000e-07,
80160,7.132832e-06,1.000000e-05,2.087139e-06,1.000000e-07,1.000000e-07,
85170,6.481901e-06,1.000000e-05,1.980195e-06,1.000000e-07,1.000000e-07,
90180,6.256299e-06,1.000000e-05,1.889975e-06,1.000000e-07,1.000000e-07,
95190,6.038102e-06,1.000000e-05,1.806124e-06,1.000000e-07,1.000000e-07,
100200,5.700042e-06,1.000000e-05,1.726051e-06,1.000000e-07,1.000000e-07,
105210,5.636350e-06,1.000000e-05,1.658990e-06,1.000000e-07,1.000000e-07,
110220,5.638263e-06,1.000000e-05,1.599713e-06,1.000000e-07,1.000000e-07,
115230,5.612120e-06,1.000000e-05,1.551774e-06,1.000000e-07,1.000000e-07,
120240,5.522927e-06,1.000000e-05,1.507706e-06,1.000000e-07,1.000000e-07,
125250,5.399677e-06,1.000000e-05,1.466625e-06,1.000000e-07,1.000000e-07,
130260,5.160238e-06,1.000000e-05,1.424771e-06,1.000000e-07,1.000000e-07,
135270,5.252268e-06,1.000000e-05,1.410596e-06,1.000000e-07,1.000000e-07,
140280,5.248485e-06,1.000000e-05,1.395215e-06,1.000000e-07,1.000000e-07,
145290,5.346696e-06,1.000000e-05,1.388069e-06,1.000000e-07,1.000000e-07,
150300,5.426181e-06,1.000000e-05,1.383009e-06,1.000000e-07,1.000000e-07,
155310,5.478468e-06,1.000000e-05,1.377962e-06,1.000000e-07,1.000000e-07,
160320,5.311880e-06,1.000000e-05,1.359410e-06,1.000000e-07,1.000000e-07,
165330,5.181336e-06,1.000000e-05,1.360656e-06,1.000000e-07,1.000000e-07,
170340,5.307654e-06,1.000000e-05,1.348668e-06,1.000000e-07,1.000000e-07,
175350,5.577477e-06,1.000000e-05,1.397000e-06,1.000000e-07,1.000000e-07,
180360,5.257971e-06,1.000000e-05,1.382520e-06,1.000000e-07,1.000000e-07,
185370,5.269047e-06,1.000000e-05,1.360180e-06,1.000000e-07,1.000000e-07,
190380,5.384224e-06,1.000000e-05,1.400904e-06,1.000000e-07,1.000000e-07,
195390,5.172192e-06,1.000000e-05,1.373894e-06,1.000000e-07,1.000000e-07,
200400,5.354462e-06,1.000000e-05,1.390849e-06,1.000000e-07,1.000000e-07,
205410,5.378269e-06,1.000000e-05,1.388047e-06,1.000000e-07,1.000000e-07,
210420,4.982559e-06,1.000000e-05,1.382670e-06,1.000000e-07,1.000000e-07,
215430,5.158270e-06,1.000000e-05,1.398246e-06,1.000000e-07,1.000000e-07,
220440,5.255521e-06,1.000000e-05,1.407051e-06,1.000000e-07,1.000000e-07,
225450,5.257525e-06,1.000000e-05,1.417843e-06,1.000000e-07,1.000000e-07,
230460,4.891529e-06,1.000000e-05,1.420129e-06,1.000000e-07,1.000000e-07,
235470,5.093687e-06,1.000000e-05,1.427218e-06,1.000000e-07,1.000000e-07,
240480,5.182238e-06,1.000000e-05,1.438603e-06,1.000000e-07,1.000000e-07,
245490,5.273172e-06,1.000000e-05,1.481382e-06,1.000000e-07,1.000000e-07,
250500,4.827242e-06,1.000000e-05,1.482834e-06,1.000000e-07,1.000000e-07,
255510,5.028683e-06,1.000000e-05,1.471292e-06,1.000000e-07,1.000000e-07,
260520,5.160253e-06,1.000000e-05,1.492812e-06,1.000000e-07,1.000000e-07,
265530,5.254776e-06,1.000000e-05,1.525303e-06,1.000000e-07,1.000000e-07,
270540,5.280438e-06,1.000000e-05,1.567022e-06,1.000000e-07,1.000000e-07,
275550,5.317440e-06,1.000000e-05,1.573324e-06,1.000000e-07,1.000000e-07,
280560,4.922670e-06,1.000000e-05,1.550687e-06,1.000000e-07,1.000000e-07,
285570,5.112828e-06,1.000000e-05,1.540243e-06,1.000000e-07,1.000000e-07,
290580,5.249967e-06,1.000000e-05,1.665018e-06,1.000000e-07,1.000000e-07,
295590,5.278366e-06,1.000000e-05,1.741311e-06,1.000000e-07,1.000000e-07,
300600,4.910248e-06,1.000000e-05,1.745382e-06,1.000000e-07,1.000000e-07,
305610,5.143045e-06,1.000000e-05,1.716486e-06,1.000000e-07,1.000000e-07,
sub,o2,nh4,no2,no3,
5010,2.852825e-05,1.000000e-05,4.783344e-06,1.000000e-07,1.000000e-07,
10020,2.767877e-05,1.000000e-05,4.279119e-06,1.000000e-07,1.000000e-07,
15030,2.692764e-05,1.000000e-05,3.978986e-06,1.000000e-07,1.000000e-07,
20040,2.615658e-05,1.000000e-05,3.771890e-06,1.000000e-07,1.000000e-07,
25050,2.529574e-05,1.000000e-05,3.605488e-06,1.000000e-07,1.000000e-07,
30060,2.429790e-05,1.000000e-05,3.455508e-06,1.000000e-07,1.000000e-07,
35070,2.312604e-05,1.000000e-05,3.311072e-06,1.000000e-07,1.000000e-07,
40080,2.174802e-05,1.000000e-05,3.167270e-06,1.000000e-07,1.000000e-07,
45090,2.014694e-05,1.000000e-05,3.027270e-06,1.000000e-07,1.000000e-07,
50100,1.830949e-05,1.000000e-05,2.887659e-06,1.000000e-07,1.000000e-07,
55110,1.624566e-05,1.000000e-05,2.747555e-06,1.000000e-07,1.000000e-07,
60120,1.401349e-05,1.000000e-05,2.609119e-06,1.000000e-07,1.000000e-07,
65130,1.181433e-05,1.000000e-05,2.480506e-06,1.000000e-07,1.000000e-07,
70140,9.844191e-06,1.000000e-05,2.355979e-06,1.000000e-07,1.000000e-07,
75150,8.339478e-06,1.000000e-05,2.236722e-06,1.000000e-07,1.000000e-07,
80160,7.273102e-06,1.000000e-05,2.121620e-06,1.000000e-07,1.000000e-07,
85170,6.644091e-06,1.000000e-05,2.015586e-06,1.000000e-07,1.000000e-07,
90180,6.350369e-06,1.000000e-05,1.922816e-06,1.000000e-07,1.000000e-07,
95190,6.028163e-06,1.000000e-05,1.836302e-06,1.000000e-07,1.000000e-07,
100200,5.881251e-06,1.000000e-05,1.761260e-06,1.000000e-07,1.000000e-07,
105210,5.584911e-06,1.000000e-05,1.687803e-06,1.000000e-07,1.000000e-07,
110220,5.764361e-06,1.000000e-05,1.639515e-06,1.000000e-07,1.000000e-07,
115230,5.699929e-06,1.000000e-05,1.594944e-06,1.000000e-07,1.000000e-07,
120240,5.481843e-06,1.000000e-05,1.545634e-06,1.000000e-07,1.000000e-07,
125250,5.594457e-06,1.000000e-05,1.515573e-06,1.000000e-07,1.000000e-07,
130260,5.549088e-06,1.000000e-05,1.483151e-06,1.000000e-07,1.000000e-07,
135270,5.543905e-06,1.000000e-05,1.465070e-06,1.000000e-07,1.000000e-07,
140280,5.446148e-06,1.000000e-05,1.442545e-06,1.000000e-07,1.000000e-07,
145290,5.334512e-06,1.000000e-05,1.425939e-06,1.000000e-07,1.000000e-07,
150300,5.451877e-06,1.000000e-05,1.417795e-06,1.000000e-07,1.000000e-07,
155310,5.246316e-06,1.000000e-05,1.398527e-06,1.000000e-07,1.000000e-07,
160320,5.070784e-06,1.000000e-05,1.384850e-06,1.000000e-07,1.000000e-07,
165330,5.186203e-06,1.000000e-05,1.393152e-06,1.000000e-07,1.000000e-07,
170340,5.213946e-06,1.000000e-05,1.385897e-06,1.000000e-07,1.000000e-07,
175350,5.537570e-06,1.000000e-05,1.449532e-06,1.000000e-07,1.000000e-07,
180360,5.203254e-06,1.000000e-05,1.428256e-06,1.000000e-07,1.000000e-07,
185370,4.926104e-06,1.000000e-05,1.373813e-06,1.000000e-07,1.000000e-07,
190380,5.145493e-06,1.000000e-05,1.432480e-06,1.000000e-07,1.000000e-07,
195390,5.177957e-06,1.000000e-05,1.418831e-06,1.000000e-07,1.000000e-07,
200400,5.301932e-06,1.000000e-05,1.427012e-06,1.000000e-07,1.000000e-07,
205410,4.835650e-06,1.000000e-05,1.437894e-06,1.000000e-07,1.000000e-07,
210420,5.041459e-06,1.000000e-05,1.412610e-06,1.000000e-07,1.000000e-07,
215430,5.120102e-06,1.000000e-05,1.462692e-06,1.000000e-07,1.000000e-07,
220440,5.196665e-06,1.000000e-05,1.501157e-06,1.000000e-07,1.000000e-07,
225450,5.277229e-06,1.000000e-05,1.495239e-06,1.000000e-07,1.000000e-07,
230460,5.130639e-06,1.000000e-05,1.468258e-06,1.000000e-07,1.000000e-07,
235470,4.950125e-06,1.000000e-05,1.495446e-06,1.000000e-07,1.000000e-07,
240480,5.142005e-06,1.000000e-05,1.512438e-06,1.000000e-07,1.000000e-07,
245490,5.146177e-06,1.000000e-05,1.501801e-06,1.000000e-07,1.000000e-07,
250500,5.246782e-06,1.000000e-05,1.540914e-06,1.000000e-07,1.000000e-07,
255510,4.852577e-06,1.000000e-05,1.615319e-06,1.000000e-07,1.000000e-07,
260520,5.092947e-06,1.000000e-05,1.623191e-06,1.000000e-07,1.000000e-07,
265530,5.090021e-06,1.000000e-05,1.592548e-06,1.000000e-07,1.000000e-07,
270540,5.028175e-06,1.000000e-05,1.558544e-06,1.000000e-07,1.000000e-07,
275550,4.830079e-06,1.000000e-05,1.538384e-06,1.000000e-07,1.000000e-07,
280560,4.955477e-06,1.000000e-05,1.673330e-06,1.000000e-07,1.000000e-07,
285570,5.061785e-06,1.000000e-05,1.724274e-06,1.000000e-07,1.000000e-07,
290580,5.086144e-06,1.000000e-05,1.718081e-06,1.000000e-07,1.000000e-07,
295590,5.032098e-06,1.000000e-05,1.701476e-06,1.000000e-07,1.000000e-07,
300600,4.839710e-06,1.000000e-05,1.710210e-06,1.000000e-07,1.000000e-07,
305610,5.029895e-06,1.000000e-05,1.683035e-06,1.000000e-07,1.000000e-07,
sub,o2,nh4,no2,no3,
5010,2.852835e-05,1.000000e-05,2.859152e-05,1.000000e-07,1.000000e-07,
10020,2.767908e-05,1.000000e-05,2.795517e-05,1.000000e-07,1.000000e-07,
15030,2.692818e-05,1.000000e-05,2.753550e-05,1.000000e-07,1.000000e-07,
20040,2.615746e-05,1.000000e-05,2.721324e-05,1.000000e-07,1.000000e-07,
25050,2.529715e-05,1.000000e-05,2.692940e-05,1.000000e-07,1.000000e-07,
30060,2.429998e-05,1.000000e-05,2.665434e-05,1.000000e-07,1.000000e-07,
35070,2.312906e-05,1.000000e-05,2.637283e-05,1.000000e-07,1.000000e-07,
40080,2.175233e-05,1.000000e-05,2.607644e-05,1.000000e-07,1.000000e-07,
45090,2.015298e-05,1.000000e-05,2.576292e-05,1.000000e-07,1.000000e-07,
50100,1.831736e-05,1.000000e-05,2.542731e-05,1.000000e-07,1.000000e-07,
55110,1.626248e-05,1.000000e-05,2.506794e-05,1.000000e-07,1.000000e-07,
60120,1.405670e-05,1.000000e-05,2.468350e-05,1.000000e-07,1.000000e-07,
65130,1.184825e-05,1.000000e-05,2.427233e-05,1.000000e-07,1.000000e-07,
70140,9.856981e-06,1.000000e-05,2.383209e-05,1.000000e-07,1.000000e-07,
75150,8.331555e-06,1.000000e-05,2.336264e-05,1.000000e-07,1.000000e-07,
80160,7.337649e-06,1.000000e-05,2.286377e-05,1.000000e-07,1.000000e-07,
85170,6.721429e-06,1.000000e-05,2.233555e-05,1.000000e-07,1.000000e-07,
90180,6.326614e-06,1.000000e-05,2.177696e-05,1.000000e-07,1.000000e-07,
95190,6.076157e-06,1.000000e-05,2.119183e-05,1.000000e-07,1.000000e-07,
100200,5.958295e-06,1.000000e-05,2.058493e-05,1.000000e-07,1.000000e-07,
105210,5.866889e-06,1.000000e-05,1.996617e-05,1.000000e-07,1.000000e-07,
110220,5.728418e-06,1.000000e-05,1.932167e-05,1.000000e-07,1.000000e-07,
115230,5.685680e-06,1.000000e-05,1.870743e-05,1.000000e-07,1.000000e-07,
120240,5.499182e-06,1.000000e-05,1.812590e-05,1.000000e-07,1.000000e-07,
125250,5.272384e-06,1.000000e-05,1.758871e-05,1.000000e-07,1.000000e-07,
130260,5.326724e-06,1.000000e-05,1.719076e-05,1.000000e-07,1.000000e-07,
135270,5.295173e-06,1.000000e-05,1.694274e-05,1.000000e-07,1.000000e-07,
140280,5.313424e-06,1.000000e-05,1.680987e-05,1.000000e-07,1.000000e-07,
145290,5.374037e-06,1.000000e-05,1.670894e-05,1.000000e-07,1.000000e-07,
150300,5.288870e-06,1.000000e-05,1.670721e-05,1.000000e-07,1.000000e-07,
155310,5.308823e-06,1.000000e-05,1.663271e-05,1.000000e-07,1.000000e-07,
160320,5.271841e-06,1.000000e-05,1.665738e-05,1.000000e-07,1.000000e-07,
165330,5.542250e-06,1.000000e-05,1.680870e-05,1.000000e-07,1.000000e-07,
170340,5.348051e-06,1.000000e-05,1.698313e-05,1.000000e-07,1.000000e-07,
175350,5.409687e-06,1.000000e-05,1.705947e-05,1.000000e-07,1.000000e-07,
180360,5.027940e-06,1.000000e-05,1.701979e-05,1.000000e-07,1.000000e-07,
185370,5.097459e-06,1.000000e-05,1.706429e-05,1.000000e-07,1.000000e-07,
190380,5.124244e-06,1.000000e-05,1.705171e-05,1.000000e-07,1.000000e-07,
195390,5.324739e-06,1.000000e-05,1.730502e-05,1.000000e-07,1.000000e-07,
200400,5.084470e-06,1.000000e-05,1.743630e-05,1.000000e-07,1.000000e-07,
205410,5.203132e-06,1.000000e-05,1.751904e-05,1.000000e-07,1.000000e-07,
210420,5.186907e-06,1.000000e-05,1.758969e-05,1.000000e-07,1.000000e-07,
215430,5.230783e-06,1.000000e-05,1.770925e-05,1.000000e-07,1.000000e-07,
220440,5.279133e-06,1.000000e-05,1.785519e-05,1.000000e-07,1.000000e-07,
225450,5.273535e-06,1.000000e-05,1.796338e-05,1.000000e-07,1.000000e-07,
sub,o2,nh4,no2,no3,
5010,2.916979e-05,1.000000e-05,2.917070e-05,1.000000e-07,1.000000e-07,
10020,2.852835e-05,1.000000e-05,2.859152e-05,1.000000e-07,1.000000e-07,
15030,2.816595e-05,1.000000e-05,2.829927e-05,1.000000e-07,1.000000e-07,
20040,2.767908e-05,1.000000e-05,2.795516e-05,1.000000e-07,1.000000e-07,
25050,2.737506e-05,1.000000e-05,2.776985e-05,1.000000e-07,1.000000e-07,
30060,2.692818e-05,1.000000e-05,2.753549e-05,1.000000e-07,1.000000e-07,
35070,2.662690e-05,1.000000e-05,2.739912e-05,1.000000e-07,1.000000e-07,
40080,2.615746e-05,1.000000e-05,2.721324e-05,1.000000e-07,1.000000e-07,
45090,2.582705e-05,1.000000e-05,2.709717e-05,1.000000e-07,1.000000e-07,
50100,2.529718e-05,1.000000e-05,2.692940e-05,1.000000e-07,1.000000e-07,
55110,2.491696e-05,1.000000e-05,2.681941e-05,1.000000e-07,1.000000e-07,
60120,2.429997e-05,1.000000e-05,2.665437e-05,1.000000e-07,1.000000e-07,
65130,2.385433e-05,1.000000e-05,2.654312e-05,1.000000e-07,1.000000e-07,
70140,2.312906e-05,1.000000e-05,2.637284e-05,1.000000e-07,1.000000e-07,
75150,2.260468e-05,1.000000e-05,2.625637e-05,1.000000e-07,1.000000e-07,
80160,2.175403e-05,1.000000e-05,2.607694e-05,1.000000e-07,1.000000e-07,
85170,2.114283e-05,1.000000e-05,2.595404e-05,1.000000e-07,1.000000e-07,
90180,2.015362e-05,1.000000e-05,2.576293e-05,1.000000e-07,1.000000e-07,
95190,1.944446e-05,1.000000e-05,2.563072e-05,1.000000e-07,1.000000e-07,
100200,1.831779e-05,1.000000e-05,2.542708e-05,1.000000e-07,1.000000e-07,
105210,1.751677e-05,1.000000e-05,2.528576e-05,1.000000e-07,1.000000e-07,
110220,1.626539e-05,1.000000e-05,2.506800e-05,1.000000e-07,1.000000e-07,
115230,1.538908e-05,1.000000e-05,2.491671e-05,1.000000e-07,1.000000e-07,
120240,1.406004e-05,1.000000e-05,2.468348e-05,1.000000e-07,1.000000e-07,
125250,1.315010e-05,1.000000e-05,2.452109e-05,1.000000e-07,1.000000e-07,
130260,1.184014e-05,1.000000e-05,2.427140e-05,1.000000e-07,1.000000e-07,
135270,1.097628e-05,1.000000e-05,2.409734e-05,1.000000e-07,1.000000e-07,
140280,9.836988e-06,1.000000e-05,2.383009e-05,1.000000e-07,1.000000e-07,
145290,9.109916e-06,1.000000e-05,2.364355e-05,1.000000e-07,1.000000e-07,
150300,8.233417e-06,1.000000e-05,2.335578e-05,1.000000e-07,1.000000e-07,
155310,7.803580e-06,1.000000e-05,2.315935e-05,1.000000e-07,1.000000e-07,
160320,7.216794e-06,1.000000e-05,2.285386e-05,1.000000e-07,1.000000e-07,
165330,6.989404e-06,1.000000e-05,2.264701e-05,1.000000e-07,1.000000e-07,
170340,6.751542e-06,1.000000e-05,2.232862e-05,1.000000e-07,1.000000e-07,
175350,6.511473e-06,1.000000e-05,2.210719e-05,1.000000e-07,1.000000e-07,
180360,6.377660e-06,1.000000e-05,2.177287e-05,1.000000e-07,1.000000e-07,
185370,6.169986e-06,1.000000e-05,2.153781e-05,1.000000e-07,1.000000e-07,
190380,6.162865e-06,1.000000e-05,2.118757e-05,1.000000e-07,1.000000e-07,
195390,5.929343e-06,1.000000e-05,2.094068e-05,1.000000e-07,1.000000e-07,
200400,5.941404e-06,1.000000e-05,2.056944e-05,1.000000e-07,1.000000e-07,
205410,5.791502e-06,1.000000e-05,2.031354e-05,1.000000e-07,1.000000e-07,
210420,5.853500e-06,1.000000e-05,1.994791e-05,1.000000e-07,1.000000e-07,
215430,5.856844e-06,1.000000e-05,1.970614e-05,1.000000e-07,1.000000e-07,
220440,5.742198e-06,1.000000e-05,1.933929e-05,1.000000e-07,1.000000e-07,
225450,5.725042e-06,1.000000e-05,1.910129e-05,1.000000e-07,1.000000e-07,
230460,5.654696e-06,1.000000e-05,1.874664e-05,1.000000e-07,1.000000e-07,
235470,5.763097e-06,1.000000e-05,1.855723e-05,1.000000e-07,1.000000e-07,
240480,5.484374e-06,1.000000e-05,1.823112e-05,1.000000e-07,1.000000e-07,
245490,5.718611e-06,1.000000e-05,1.807998e-05,1.000000e-07,1.000000e-07,
250500,5.565643e-06,1.000000e-05,1.781115e-05,1.000000e-07,1.000000e-07,
255510,5.664766e-06,1.000000e-05,1.771574e-05,1.000000e-07,1.000000e-07,
260520,5.378056e-06,1.000000e-05,1.750494e-05,1.000000e-07,1.000000e-07,
265530,5.611649e-06,1.000000e-05,1.744497e-05,1.000000e-07,1.000000e-07,
270540,5.424884e-06,1.000000e-05,1.727343e-05,1.000000e-07,1.000000e-07,
275550,5.531122e-06,1.000000e-05,1.725465e-05,1.000000e-07,1.000000e-07,
280560,5.653387e-06,1.000000e-05,1.727125e-05,1.000000e-07,1.000000e-07,
285570,5.573003e-06,1.000000e-05,1.725699e-05,1.000000e-07,1.000000e-07,
290580,5.505952e-06,1.000000e-05,1.721936e-05,1.000000e-07,1.000000e-07,
295590,5.605391e-06,1.000000e-05,1.721501e-05,1.000000e-07,1.000000e-07,
300600,5.289663e-06,1.000000e-05,1.711388e-05,1.000000e-07,1.000000e-07,
305610,5.664746e-06,1.000000e-05,1.720975e-05,1.000000e-07,1.000000e-07,
310620,5.561905e-06,1.000000e-05,1.722596e-05,1.000000e-07,1.000000e-07,
315630,5.400459e-06,1.000000e-05,1.724984e-05,1.000000e-07,1.000000e-07,
320640,5.380903e-06,1.000000e-05,1.724845e-05,1.000000e-07,1.000000e-07,
325650,5.484153e-06,1.000000e-05,1.726354e-05,1.000000e-07,1.000000e-07,
330660,5.402176e-06,1.000000e-05,1.727315e-05,1.000000e-07,1.000000e-07,
335670,5.376029e-06,1.000000e-05,1.731203e-05,1.000000e-07,1.000000e-07,
340680,5.083965e-06,1.000000e-05,1.727058e-05,1.000000e-07,1.000000e-07,
345690,5.356623e-06,1.000000e-05,1.731883e-05,1.000000e-07,1.000000e-07,
350700,5.208421e-06,1.000000e-05,1.728752e-05,1.000000e-07,1.000000e-07,
355710,5.315670e-06,1.000000e-05,1.735796e-05,1.000000e-07,1.000000e-07,
360720,5.310070e-06,1.000000e-05,1.741738e-05,1.000000e-07,1.000000e-07,
365730,5.353181e-06,1.000000e-05,1.746688e-05,1.000000e-07,1.000000e-07,
370740,5.273200e-06,1.000000e-05,1.750544e-05,1.000000e-07,1.000000e-07,
375750,5.292886e-06,1.000000e-05,1.754625e-05,1.000000e-07,1.000000e-07,
380760,5.226277e-06,1.000000e-05,1.757611e-05,1.000000e-07,1.000000e-07,
385770,5.270644e-06,1.000000e-05,1.761220e-05,1.000000e-07,1.000000e-07,
390780,5.322889e-06,1.000000e-05,1.769735e-05,1.000000e-07,1.000000e-07,
395790,5.213812e-06,1.000000e-05,1.772359e-05,1.000000e-07,1.000000e-07,
400800,5.317326e-06,1.000000e-05,1.779891e-05,1.000000e-07,1.000000e-07,
405810,5.253251e-06,1.000000e-05,1.781642e-05,1.000000e-07,1.000000e-07,
410820,5.284634e-06,1.000000e-05,1.788239e-05,1.000000e-07,1.000000e-07,
415830,5.177995e-06,1.000000e-05,1.789512e-05,1.000000e-07,1.000000e-07,
420840,5.324552e-06,1.000000e-05,1.800819e-05,1.000000e-07,1.000000e-07,
425850,5.365403e-06,1.000000e-05,1.807703e-05,1.000000e-07,1.000000e-07,
430860,5.324393e-06,1.000000e-05,1.815931e-05,1.000000e-07,1.000000e-07,
435870,5.075714e-06,1.000000e-05,1.814718e-05,1.000000e-07,1.000000e-07,
440880,5.320195e-06,1.000000e-05,1.822358e-05,1.000000e-07,1.000000e-07,
445890,5.152337e-06,1.000000e-05,1.820830e-05,1.000000e-07,1.000000e-07,
450900,5.204137e-06,1.000000e-05,1.824152e-05,1.000000e-07,1.000000e-07,
455910,5.295608e-06,1.000000e-05,1.830985e-05,1.000000e-07,1.000000e-07,
460920,5.227299e-06,1.000000e-05,1.839535e-05,1.000000e-07,1.000000e-07,
465930,4.988455e-06,1.000000e-05,1.838623e-05,1.000000e-07,1.000000e-07,
470940,5.243801e-06,1.000000e-05,1.846464e-05,1.000000e-07,1.000000e-07,
475950,5.266564e-06,1.000000e-05,1.852153e-05,1.000000e-07,1.000000e-07,
480960,5.141052e-06,1.000000e-05,1.859634e-05,1.000000e-07,1.000000e-07,
485970,5.191881e-06,1.000000e-05,1.864649e-05,1.000000e-07,1.000000e-07,
490980,5.240502e-06,1.000000e-05,1.870755e-05,1.000000e-07,1.000000e-07,
495990,4.997518e-06,1.000000e-05,1.869334e-05,1.000000e-07,1.000000e-07,
501000,5.177193e-06,1.000000e-05,1.877362e-05,1.000000e-07,1.000000e-07,
sub,o2,nh4,no2,no3,
5010,2.918658e-05,1.000000e-05,2.918748e-05,1.000000e-07,1.000000e-07,
10020,2.855804e-05,1.000000e-05,2.862000e-05,1.000000e-07,1.000000e-07,
15030,2.820287e-05,1.000000e-05,2.833363e-05,1.000000e-07,1.000000e-07,
20040,2.772566e-05,1.000000e-05,2.799644e-05,1.000000e-07,1.000000e-07,
25050,2.742764e-05,1.000000e-05,2.781485e-05,1.000000e-07,1.000000e-07,
30060,2.698949e-05,1.000000e-05,2.758520e-05,1.000000e-07,1.000000e-07,
35070,2.669405e-05,1.000000e-05,2.745154e-05,1.000000e-07,1.000000e-07,
40080,2.623361e-05,1.000000e-05,2.726935e-05,1.000000e-07,1.000000e-07,
45090,2.590949e-05,1.000000e-05,2.715561e-05,1.000000e-07,1.000000e-07,
50100,2.538957e-05,1.000000e-05,2.699117e-05,1.000000e-07,1.000000e-07,
55110,2.501644e-05,1.000000e-05,2.688336e-05,1.000000e-07,1.000000e-07,
60120,2.441082e-05,1.000000e-05,2.672156e-05,1.000000e-07,1.000000e-07,
65130,2.397324e-05,1.000000e-05,2.661248e-05,1.000000e-07,1.000000e-07,
70140,2.326070e-05,1.000000e-05,2.644552e-05,1.000000e-07,1.000000e-07,
75150,2.274533e-05,1.000000e-05,2.633134e-05,1.000000e-07,1.000000e-07,
80160,2.190895e-05,1.000000e-05,2.615550e-05,1.000000e-07,1.000000e-07,
85170,2.130741e-05,1.000000e-05,2.603503e-05,1.000000e-07,1.000000e-07,
90180,2.033299e-05,1.000000e-05,2.584763e-05,1.000000e-07,1.000000e-07,
95190,1.963756e-05,1.000000e-05,2.571867e-05,1.000000e-07,1.000000e-07,
100200,1.852428e-05,1.000000e-05,2.551871e-05,1.000000e-07,1.000000e-07,
105210,1.773204e-05,1.000000e-05,2.538008e-05,1.000000e-07,1.000000e-07,
110220,1.649246e-05,1.000000e-05,2.516642e-05,1.000000e-07,1.000000e-07,
115230,1.562249e-05,1.000000e-05,2.501793e-05,1.000000e-07,1.000000e-07,
120240,1.429849e-05,1.000000e-05,2.478932e-05,1.000000e-07,1.000000e-07,
125250,1.340744e-05,1.000000e-05,2.463153e-05,1.000000e-07,1.000000e-07,
130260,1.208294e-05,1.000000e-05,2.438629e-05,1.000000e-07,1.000000e-07,
135270,1.120807e-05,1.000000e-05,2.421538e-05,1.000000e-07,1.000000e-07,
140280,1.004514e-05,1.000000e-05,2.395297e-05,1.000000e-07,1.000000e-07,
145290,9.356980e-06,1.000000e-05,2.377211e-05,1.000000e-07,1.000000e-07,
150300,8.448123e-06,1.000000e-05,2.349067e-05,1.000000e-07,1.000000e-07,
155310,7.889272e-06,1.000000e-05,2.329430e-05,1.000000e-07,1.000000e-07,
160320,7.343967e-06,1.000000e-05,2.299516e-05,1.000000e-07,1.000000e-07,
165330,7.070494e-06,1.000000e-05,2.278944e-05,1.000000e-07,1.000000e-07,
170340,6.672142e-06,1.000000e-05,2.246967e-05,1.000000e-07,1.000000e-07,
175350,6.514337e-06,1.000000e-05,2.225089e-05,1.000000e-07,1.000000e-07,
180360,6.380234e-06,1.000000e-05,2.191736e-05,1.000000e-07,1.000000e-07,
185370,6.275688e-06,1.000000e-05,2.168933e-05,1.000000e-07,1.000000e-07,
190380,6.114399e-06,1.000000e-05,2.133791e-05,1.000000e-07,1.000000e-07,
195390,6.053223e-06,1.000000e-05,2.110017e-05,1.000000e-07,1.000000e-07,
200400,5.918890e-06,1.000000e-05,2.073435e-05,1.000000e-07,1.000000e-07,
205410,5.876149e-06,1.000000e-05,2.048727e-05,1.000000e-07,1.000000e-07,
210420,5.741827e-06,1.000000e-05,2.010817e-05,1.000000e-07,1.000000e-07,
215430,5.746979e-06,1.000000e-05,1.985612e-05,1.000000e-07,1.000000e-07,
220440,5.744799e-06,1.000000e-05,1.948861e-05,1.000000e-07,1.000000e-07,
225450,5.571193e-06,1.000000e-05,1.923507e-05,1.000000e-07,1.000000e-07,
230460,5.630665e-06,1.000000e-05,1.887445e-05,1.000000e-07,1.000000e-07,
235470,5.544282e-06,1.000000e-05,1.862946e-05,1.000000e-07,1.000000e-07,
240480,5.615900e-06,1.000000e-05,1.833999e-05,1.000000e-07,1.000000e-07,
245490,5.643174e-06,1.000000e-05,1.816571e-05,1.000000e-07,1.000000e-07,
250500,5.584078e-06,1.000000e-05,1.791778e-05,1.000000e-07,1.000000e-07,
255510,5.320710e-06,1.000000e-05,1.772361e-05,1.000000e-07,1.000000e-07,
260520,5.487858e-06,1.000000e-05,1.750191e-05,1.000000e-07,1.000000e-07,
265530,5.445112e-06,1.000000e-05,1.735922e-05,1.000000e-07,1.000000e-07,
270540,5.453750e-06,1.000000e-05,1.722658e-05,1.000000e-07,1.000000e-07,
275550,5.309725e-06,1.000000e-05,1.712773e-05,1.000000e-07,1.000000e-07,
280560,5.466170e-06,1.000000e-05,1.710015e-05,1.000000e-07,1.000000e-07,
285570,5.261151e-06,1.000000e-05,1.701795e-05,1.000000e-07,1.000000e-07,
290580,5.401676e-06,1.000000e-05,1.701424e-05,1.000000e-07,1.000000e-07,
295590,5.422688e-06,1.000000e-05,1.702555e-05,1.000000e-07,1.000000e-07,
300600,5.323355e-06,1.000000e-05,1.703681e-05,1.000000e-07,1.000000e-07,
305610,5.470278e-06,1.000000e-05,1.707844e-05,1.000000e-07,1.000000e-07,
310620,5.632263e-06,1.000000e-05,1.715942e-05,1.000000e-07,1.000000e-07,
315630,5.475285e-06,1.000000e-05,1.718135e-05,1.000000e-07,1.000000e-07,
320640,5.182509e-06,1.000000e-05,1.716654e-05,1.000000e-07,1.000000e-07,
325650,5.472004e-06,1.000000e-05,1.722514e-05,1.000000e-07,1.000000e-07,
330660,5.487640e-06,1.000000e-05,1.727317e-05,1.000000e-07,1.000000e-07,
335670,5.413275e-06,1.000000e-05,1.732512e-05,1.000000e-07,1.000000e-07,
340680,5.366200e-06,1.000000e-05,1.736053e-05,1.000000e-07,1.000000e-07,
345690,5.445496e-06,1.000000e-05,1.739348e-05,1.000000e-07,1.000000e-07,
350700,5.355280e-06,1.000000e-05,1.741747e-05,1.000000e-07,1.000000e-07,
355710,5.330295e-06,1.000000e-05,1.745409e-05,1.000000e-07,1.000000e-07,
360720,5.022006e-06,1.000000e-05,1.741142e-05,1.000000e-07,1.000000e-07,
365730,5.292571e-06,1.000000e-05,1.745880e-05,1.000000e-07,1.000000e-07,
370740,5.423727e-06,1.000000e-05,1.757411e-05,1.000000e-07,1.000000e-07,
375750,5.312521e-06,1.000000e-05,1.761281e-05,1.000000e-07,1.000000e-07,
380760,5.395049e-06,1.000000e-05,1.769719e-05,1.000000e-07,1.000000e-07,
385770,5.323178e-06,1.000000e-05,1.771899e-05,1.000000e-07,1.000000e-07,
390780,5.368993e-06,1.000000e-05,1.779304e-05,1.000000e-07,1.000000e-07,
395790,5.285321e-06,1.000000e-05,1.781443e-05,1.000000e-07,1.000000e-07,
400800,5.337323e-06,1.000000e-05,1.788445e-05,1.000000e-07,1.000000e-07,
405810,5.251636e-06,1.000000e-05,1.790119e-05,1.000000e-07,1.000000e-07,
410820,5.304906e-06,1.000000e-05,1.796017e-05,1.000000e-07,1.000000e-07,
415830,5.216763e-06,1.000000e-05,1.797098e-05,1.000000e-07,1.000000e-07,
420840,5.288543e-06,1.000000e-05,1.802995e-05,1.000000e-07,1.000000e-07,
425850,5.214030e-06,1.000000e-05,1.804102e-05,1.000000e-07,1.000000e-07,
430860,5.326909e-06,1.000000e-05,1.815481e-05,1.000000e-07,1.000000e-07,
435870,5.125095e-06,1.000000e-05,1.815917e-05,1.000000e-07,1.000000e-07,
440880,5.310867e-06,1.000000e-05,1.824876e-05,1.000000e-07,1.000000e-07,
445890,5.114208e-06,1.000000e-05,1.824167e-05,1.000000e-07,1.000000e-07,
450900,5.262045e-06,1.000000e-05,1.833082e-05,1.000000e-07,1.000000e-07,
455910,5.071359e-06,1.000000e-05,1.832510e-05,1.000000e-07,1.000000e-07,
460920,5.251031e-06,1.000000e-05,1.841245e-05,1.000000e-07,1.000000e-07,
465930,5.401569e-06,1.000000e-05,1.852501e-05,1.000000e-07,1.000000e-07,
470940,5.181866e-06,1.000000e-05,1.857640e-05,1.000000e-07,1.000000e-07,
475950,5.219476e-06,1.000000e-05,1.860796e-05,1.000000e-07,1.000000e-07,
480960,5.267902e-06,1.000000e-05,1.864053e-05,1.000000e-07,1.000000e-07,
485970,5.355789e-06,1.000000e-05,1.873195e-05,1.000000e-07,1.000000e-07,
490980,5.123004e-06,1.000000e-05,1.876698e-05,1.000000e-07,1.000000e-07,
495990,5.211282e-06,1.000000e-05,1.879054e-05,1.000000e-07,1.000000e-07,
501000,5.259989e-06,1.000000e-05,1.881628e-05,1.000000e-07,1.000000e-07,
sub,o2,nh4,no2,no3,
5010,2.920337e-05,1.000000e-05,2.920426e-05,1.000000e-07,1.000000e-07,
10020,2.858774e-05,1.000000e-05,2.864848e-05,1.000000e-07,1.000000e-07,
15030,2.823981e-05,1.000000e-05,2.836800e-05,1.000000e-07,1.000000e-07,
20040,2.777228e-05,1.000000e-05,2.803773e-05,1.000000e-07,1.000000e-07,
25050,2.748024e-05,1.000000e-05,2.785985e-05,1.000000e-07,1.000000e-07,
30060,2.705083e-05,1.000000e-05,2.763488e-05,1.000000e-07,1.000000e-07,
35070,2.676123e-05,1.000000e-05,2.750397e-05,1.000000e-07,1.000000e-07,
40080,2.630983e-05,1.000000e-05,2.732549e-05,1.000000e-07,1.000000e-07,
45090,2.599198e-05,1.000000e-05,2.721405e-05,1.000000e-07,1.000000e-07,
50100,2.548201e-05,1.000000e-05,2.705292e-05,1.000000e-07,1.000000e-07,
55110,2.511592e-05,1.000000e-05,2.694730e-05,1.000000e-07,1.000000e-07,
60120,2.452159e-05,1.000000e-05,2.678882e-05,1.000000e-07,1.000000e-07,
65130,2.409205e-05,1.000000e-05,2.668200e-05,1.000000e-07,1.000000e-07,
70140,2.339242e-05,1.000000e-05,2.651852e-05,1.000000e-07,1.000000e-07,
75150,2.288621e-05,1.000000e-05,2.640669e-05,1.000000e-07,1.000000e-07,
80160,2.206409e-05,1.000000e-05,2.623441e-05,1.000000e-07,1.000000e-07,
85170,2.147249e-05,1.000000e-05,2.611635e-05,1.000000e-07,1.000000e-07,
90180,2.051351e-05,1.000000e-05,2.593272e-05,1.000000e-07,1.000000e-07,
95190,1.982482e-05,1.000000e-05,2.580566e-05,1.000000e-07,1.000000e-07,
100200,1.872481e-05,1.000000e-05,2.560925e-05,1.000000e-07,1.000000e-07,
105210,1.794907e-05,1.000000e-05,2.547446e-05,1.000000e-07,1.000000e-07,
110220,1.672044e-05,1.000000e-05,2.526503e-05,1.000000e-07,1.000000e-07,
115230,1.585709e-05,1.000000e-05,2.511965e-05,1.000000e-07,1.000000e-07,
120240,1.453736e-05,1.000000e-05,2.489556e-05,1.000000e-07,1.000000e-07,
125250,1.362875e-05,1.000000e-05,2.473945e-05,1.000000e-07,1.000000e-07,
130260,1.230150e-05,1.000000e-05,2.449911e-05,1.000000e-07,1.000000e-07,
135270,1.147216e-05,1.000000e-05,2.433506e-05,1.000000e-07,1.000000e-07,
140280,1.026167e-05,1.000000e-05,2.407714e-05,1.000000e-07,1.000000e-07,
145290,9.578468e-06,1.000000e-05,2.390130e-05,1.000000e-07,1.000000e-07,
150300,8.598087e-06,1.000000e-05,2.362425e-05,1.000000e-07,1.000000e-07,
155310,8.132666e-06,1.000000e-05,2.343561e-05,1.000000e-07,1.000000e-07,
160320,7.432291e-06,1.000000e-05,2.313881e-05,1.000000e-07,1.000000e-07,
165330,7.168212e-06,1.000000e-05,2.293793e-05,1.000000e-07,1.000000e-07,
170340,6.806626e-06,1.000000e-05,2.262460e-05,1.000000e-07,1.000000e-07,
175350,6.590540e-06,1.000000e-05,2.241019e-05,1.000000e-07,1.000000e-07,
180360,6.349837e-06,1.000000e-05,2.207755e-05,1.000000e-07,1.000000e-07,
185370,6.214994e-06,1.000000e-05,2.185157e-05,1.000000e-07,1.000000e-07,
190380,6.173363e-06,1.000000e-05,2.150767e-05,1.000000e-07,1.000000e-07,
195390,5.995680e-06,1.000000e-05,2.127053e-05,1.000000e-07,1.000000e-07,
200400,6.043668e-06,1.000000e-05,2.091894e-05,1.000000e-07,1.000000e-07,
205410,6.027721e-06,1.000000e-05,2.068215e-05,1.000000e-07,1.000000e-07,
210420,5.891111e-06,1.000000e-05,2.031934e-05,1.000000e-07,1.000000e-07,
215430,6.018723e-06,1.000000e-05,2.009123e-05,1.000000e-07,1.000000e-07,
220440,5.744557e-06,1.000000e-05,1.972121e-05,1.000000e-07,1.000000e-07,
225450,5.774693e-06,1.000000e-05,1.948132e-05,1.000000e-07,1.000000e-07,
230460,5.728713e-06,1.000000e-05,1.912555e-05,1.000000e-07,1.000000e-07,
235470,5.715627e-06,1.000000e-05,1.890204e-05,1.000000e-07,1.000000e-07,
240480,5.640698e-06,1.000000e-05,1.858043e-05,1.000000e-07,1.000000e-07,
245490,5.761495e-06,1.000000e-05,1.842477e-05,1.000000e-07,1.000000e-07,
250500,5.494674e-06,1.000000e-05,1.814255e-05,1.000000e-07,1.000000e-07,
255510,5.532524e-06,1.000000e-05,1.798172e-05,1.000000e-07,1.000000e-07,
260520,5.547562e-06,1.000000e-05,1.776274e-05,1.000000e-07,1.000000e-07,
265530,5.577502e-06,1.000000e-05,1.771113e-05,1.000000e-07,1.000000e-07,
270540,5.755561e-06,1.000000e-05,1.766966e-05,1.000000e-07,1.000000e-07,
275550,5.708220e-06,1.000000e-05,1.761895e-05,1.000000e-07,1.000000e-07,
280560,5.580910e-06,1.000000e-05,1.753987e-05,1.000000e-07,1.000000e-07,
285570,5.616834e-06,1.000000e-05,1.751764e-05,1.000000e-07,1.000000e-07,
290580,5.554670e-06,1.000000e-05,1.747976e-05,1.000000e-07,1.000000e-07,
295590,5.564883e-06,1.000000e-05,1.747965e-05,1.000000e-07,1.000000e-07,
300600,5.828341e-06,1.000000e-05,1.758211e-05,1.000000e-07,1.000000e-07,
305610,5.835311e-06,1.000000e-05,1.762836e-05,1.000000e-07,1.000000e-07,
310620,5.575149e-06,1.000000e-05,1.766473e-05,1.000000e-07,1.000000e-07,
315630,5.378052e-06,1.000000e-05,1.764394e-05,1.000000e-07,1.000000e-07,
320640,5.603678e-06,1.000000e-05,1.765402e-05,1.000000e-07,1.000000e-07,
325650,5.578812e-06,1.000000e-05,1.763788e-05,1.000000e-07,1.000000e-07,
330660,5.412816e-06,1.000000e-05,1.760845e-05,1.000000e-07,1.000000e-07,
335670,5.370457e-06,1.000000e-05,1.761824e-05,1.000000e-07,1.000000e-07,
340680,5.447501e-06,1.000000e-05,1.766835e-05,1.000000e-07,1.000000e-07,
345690,5.356285e-06,1.000000e-05,1.767097e-05,1.000000e-07,1.000000e-07,
350700,5.441582e-06,1.000000e-05,1.777688e-05,1.000000e-07,1.000000e-07,
355710,5.472723e-06,1.000000e-05,1.783917e-05,1.000000e-07,1.000000e-07,
360720,5.435832e-06,1.000000e-05,1.790912e-05,1.000000e-07,1.000000e-07,
365730,5.194744e-06,1.000000e-05,1.788828e-05,1.000000e-07,1.000000e-07,
370740,5.422560e-06,1.000000e-05,1.795691e-05,1.000000e-07,1.000000e-07,
375750,5.436251e-06,1.000000e-05,1.800568e-05,1.000000e-07,1.000000e-07,
380760,5.301909e-06,1.000000e-05,1.806177e-05,1.000000e-07,1.000000e-07,
385770,5.082650e-06,1.000000e-05,1.803209e-05,1.000000e-07,1.000000e-07,
390780,5.351460e-06,1.000000e-05,1.808798e-05,1.000000e-07,1.000000e-07,
395790,5.380130e-06,1.000000e-05,1.813424e-05,1.000000e-07,1.000000e-07,
400800,5.253683e-06,1.000000e-05,1.819037e-05,1.000000e-07,1.000000e-07,
405810,5.298527e-06,1.000000e-05,1.822899e-05,1.000000e-07,1.000000e-07,
410820,5.323906e-06,1.000000e-05,1.826662e-05,1.000000e-07,1.000000e-07,
415830,5.401272e-06,1.000000e-05,1.835864e-05,1.000000e-07,1.000000e-07,
420840,5.149100e-06,1.000000e-05,1.838461e-05,1.000000e-07,1.000000e-07,
425850,5.228341e-06,1.000000e-05,1.840619e-05,1.000000e-07,1.000000e-07,
430860,5.270763e-06,1.000000e-05,1.842476e-05,1.000000e-07,1.000000e-07,
435870,5.252941e-06,1.000000e-05,1.844861e-05,1.000000e-07,1.000000e-07,
440880,5.144393e-06,1.000000e-05,1.847582e-05,1.000000e-07,1.000000e-07,
445890,5.344295e-06,1.000000e-05,1.855719e-05,1.000000e-07,1.000000e-07,
450900,5.362357e-06,1.000000e-05,1.863842e-05,1.000000e-07,1.000000e-07,
455910,5.338334e-06,1.000000e-05,1.870008e-05,1.000000e-07,1.000000e-07,
460920,5.280076e-06,1.000000e-05,1.875398e-05,1.000000e-07,1.000000e-07,
465930,5.365064e-06,1.000000e-05,1.879911e-05,1.000000e-07,1.000000e-07,
470940,5.096854e-06,1.000000e-05,1.878381e-05,1.000000e-07,1.000000e-07,
475950,5.139490e-06,1.000000e-05,1.879025e-05,1.000000e-07,1.000000e-07,
480960,5.151112e-06,1.000000e-05,1.879317e-05,1.000000e-07,1.000000e-07,
485970,5.234252e-06,1.000000e-05,1.886863e-05,1.000000e-07,1.000000e-07,
490980,5.241718e-06,1.000000e-05,1.894000e-05,1.000000e-07,1.000000e-07,
495990,5.310238e-06,1.000000e-05,1.899213e-05,1.000000e-07,1.000000e-07,
