500, 0.000000e+00 
1000, 0.000000e+00 
1500, 0.000000e+00 
2000, 0.000000e+00 
2500, 0.000000e+00 
3000, 0.000000e+00 
3500, 0.000000e+00 
4000, 0.000000e+00 
4500, 0.000000e+00 
5000, 0.000000e+00 
5500, 0.000000e+00 
6000, 0.000000e+00 
6500, 0.000000e+00 
7000, 0.000000e+00 
7500, 0.000000e+00 
8000, 0.000000e+00 
8500, 0.000000e+00 
9000, 0.000000e+00 
9500, 0.000000e+00 
10000, 0.000000e+00 
10500, 0.000000e+00 
11000, 0.000000e+00 
11500, 0.000000e+00 
12000, 0.000000e+00 
12500, 0.000000e+00 
13000, 0.000000e+00 
13500, 0.000000e+00 
14000, 0.000000e+00 
14500, 0.000000e+00 
15000, 0.000000e+00 
15500, 0.000000e+00 
16000, 0.000000e+00 
16500, 0.000000e+00 
17000, 0.000000e+00 
17500, 0.000000e+00 
18000, 0.000000e+00 
18500, 0.000000e+00 
19000, 0.000000e+00 
19500, 0.000000e+00 
20000, 0.000000e+00 
20500, 0.000000e+00 
21000, 0.000000e+00 
21500, 0.000000e+00 
22000, 0.000000e+00 
22500, 0.000000e+00 
23000, 0.000000e+00 
23500, 0.000000e+00 
24000, 0.000000e+00 
24500, 0.000000e+00 
25000, 0.000000e+00 
25500, 0.000000e+00 
26000, 0.000000e+00 
26500, 0.000000e+00 
27000, 0.000000e+00 
27500, 0.000000e+00 
28000, 0.000000e+00 
28500, 0.000000e+00 
29000, 0.000000e+00 
29500, 0.000000e+00 
30000, 0.000000e+00 
30500, 0.000000e+00 
31000, 0.000000e+00 
31500, 0.000000e+00 
32000, 0.000000e+00 
32500, 0.000000e+00 
33000, 0.000000e+00 
33500, 0.000000e+00 
34000, 0.000000e+00 
34500, 0.000000e+00 
35000, 0.000000e+00 
35500, 0.000000e+00 
36000, 0.000000e+00 
36500, 0.000000e+00 
37000, 0.000000e+00 
37500, 0.000000e+00 
38000, 0.000000e+00 
38500, 0.000000e+00 
39000, 0.000000e+00 
39500, 0.000000e+00 
40000, 0.000000e+00 
40500, 0.000000e+00 
41000, 0.000000e+00 
41500, 0.000000e+00 
42000, 0.000000e+00 
42500, 0.000000e+00 
43000, 0.000000e+00 
43500, 0.000000e+00 
44000, 0.000000e+00 
44500, 0.000000e+00 
45000, 0.000000e+00 
45500, 0.000000e+00 
46000, 0.000000e+00 
46500, 0.000000e+00 
47000, 0.000000e+00 
47500, 0.000000e+00 
48000, 0.000000e+00 
48500, 0.000000e+00 
49000, 0.000000e+00 
49500, 0.000000e+00 
50000, 0.000000e+00 
50500, 0.000000e+00 
51000, 0.000000e+00 
51500, 0.000000e+00 
52000, 0.000000e+00 
52500, 0.000000e+00 
53000, 0.000000e+00 
53500, 0.000000e+00 
54000, 0.000000e+00 
54500, 0.000000e+00 
55000, 0.000000e+00 
55500, 0.000000e+00 
56000, 0.000000e+00 
56500, 0.000000e+00 
57000, 0.000000e+00 
57500, 0.000000e+00 
58000, 0.000000e+00 
58500, 0.000000e+00 
59000, 0.000000e+00 
59500, 0.000000e+00 
60000, 0.000000e+00 
60500, 4.578624e-13 
61000, 4.578624e-13 
61500, 4.578624e-13 
62000, 4.578624e-13 
62500, 4.578624e-13 
63000, 4.578624e-13 
63500, 4.578624e-13 
64000, 4.578624e-13 
64500, 4.578624e-13 
65000, 4.578624e-13 
65500, 4.578624e-13 
66000, 4.578624e-13 
66500, 4.578624e-13 
67000, 4.578624e-13 
67500, 4.578624e-13 
68000, 4.578624e-13 
68500, 4.578624e-13 
69000, 4.578624e-13 
69500, 4.578624e-13 
70000, 4.578624e-13 
70500, 4.578624e-13 
71000, 4.578624e-13 
71500, 4.578624e-13 
72000, 4.578624e-13 
72500, 4.578624e-13 
73000, 4.578624e-13 
73500, 4.578624e-13 
74000, 4.578624e-13 
74500, 4.578624e-13 
75000, 4.578624e-13 
75500, 4.578624e-13 
76000, 4.578624e-13 
76500, 4.578624e-13 
77000, 4.578624e-13 
77500, 4.578624e-13 
78000, 4.578624e-13 
78500, 4.578624e-13 
79000, 4.578624e-13 
79500, 4.578624e-13 
80000, 4.578624e-13 
80500, 5.508749e-13 
81000, 5.508749e-13 
81500, 5.508749e-13 
82000, 5.508749e-13 
82500, 5.508749e-13 
83000, 5.508749e-13 
83500, 5.508749e-13 
84000, 5.508749e-13 
84500, 5.508749e-13 
85000, 5.508749e-13 
85500, 5.508749e-13 
86000, 5.508749e-13 
86500, 5.508749e-13 
87000, 5.508749e-13 
87500, 5.508749e-13 
88000, 5.508749e-13 
88500, 5.508749e-13 
89000, 5.508749e-13 
89500, 5.508749e-13 
90000, 5.508749e-13 
90500, 5.508749e-13 
91000, 5.508749e-13 
91500, 5.508749e-13 
92000, 5.508749e-13 
92500, 5.508749e-13 
93000, 5.508749e-13 
93500, 5.508749e-13 
94000, 5.508749e-13 
94500, 5.508749e-13 
95000, 5.508749e-13 
95500, 5.508749e-13 
96000, 5.508749e-13 
96500, 5.508749e-13 
97000, 5.508749e-13 
97500, 5.508749e-13 
98000, 5.508749e-13 
98500, 5.508749e-13 
99000, 5.508749e-13 
99500, 5.508749e-13 
100000, 5.508749e-13 
100500, 6.621663e-13 
101000, 6.621663e-13 
101500, 6.621663e-13 
102000, 6.621663e-13 
102500, 6.621663e-13 
103000, 6.621663e-13 
103500, 6.621663e-13 
104000, 6.621663e-13 
104500, 6.621663e-13 
105000, 6.621663e-13 
105500, 6.621663e-13 
106000, 6.621663e-13 
106500, 6.621663e-13 
107000, 6.621663e-13 
107500, 6.621663e-13 
108000, 6.621663e-13 
108500, 6.621663e-13 
109000, 6.621663e-13 
109500, 6.621663e-13 
110000, 6.621663e-13 
110500, 6.621663e-13 
111000, 6.621663e-13 
111500, 6.621663e-13 
112000, 6.621663e-13 
112500, 6.621663e-13 
113000, 6.621663e-13 
113500, 6.621663e-13 
114000, 6.621663e-13 
114500, 6.621663e-13 
115000, 6.621663e-13 
115500, 6.621663e-13 
116000, 6.621663e-13 
116500, 6.621663e-13 
117000, 6.621663e-13 
117500, 6.621663e-13 
118000, 6.621663e-13 
118500, 6.621663e-13 
119000, 6.621663e-13 
119500, 6.621663e-13 
120000, 6.621663e-13 
120500, 2.955534e-05 
121000, 7.756585e-06 
121500, 3.245588e-06 
122000, 1.106841e-06 
122500, 2.566467e-07 
123000, 7.950437e-13 
123500, 7.950437e-13 
124000, 7.950437e-13 
124500, 7.950437e-13 
125000, 7.950437e-13 
125500, 7.950437e-13 
126000, 7.950437e-13 
126500, 7.950437e-13 
127000, 7.950437e-13 
127500, 7.950437e-13 
128000, 7.950437e-13 
128500, 7.950437e-13 
129000, 7.950437e-13 
129500, 7.950437e-13 
130000, 7.950437e-13 
130500, 7.950437e-13 
131000, 7.950437e-13 
131500, 7.950437e-13 
132000, 7.950437e-13 
132500, 7.950437e-13 
133000, 7.950437e-13 
133500, 7.950437e-13 
134000, 7.950437e-13 
134500, 7.950437e-13 
135000, 7.950437e-13 
135500, 7.950437e-13 
136000, 7.950437e-13 
136500, 7.950437e-13 
137000, 7.950437e-13 
137500, 7.950437e-13 
138000, 7.950437e-13 
138500, 7.950437e-13 
139000, 7.950437e-13 
139500, 7.950437e-13 
140000, 7.950437e-13 
140500, 1.125541e-04 
141000, 1.125541e-04 
141500, 1.125541e-04 
142000, 1.125541e-04 
142500, 1.125541e-04 
143000, 1.125541e-04 
143500, 1.125541e-04 
144000, 1.125541e-04 
144500, 1.125541e-04 
145000, 1.125541e-04 
145500, 1.125541e-04 
146000, 1.125541e-04 
146500, 1.125541e-04 
147000, 1.125541e-04 
147500, 1.125541e-04 
148000, 1.125541e-04 
148500, 1.125541e-04 
149000, 1.125541e-04 
149500, 1.125541e-04 
150000, 1.125541e-04 
150500, 1.125541e-04 
151000, 1.125541e-04 
151500, 1.125541e-04 
152000, 1.125541e-04 
152500, 1.125541e-04 
153000, 1.125541e-04 
153500, 1.125541e-04 
154000, 1.125541e-04 
154500, 1.125541e-04 
155000, 1.125541e-04 
155500, 1.125541e-04 
156000, 1.125541e-04 
156500, 1.125541e-04 
157000, 1.125541e-04 
157500, 1.125541e-04 
158000, 1.125541e-04 
158500, 1.125541e-04 
159000, 1.125541e-04 
159500, 1.125541e-04 
160000, 1.125541e-04 
160500, 2.324278e-04 
161000, 1.882149e-04 
161500, 1.847320e-04 
162000, 1.833279e-04 
162500, 1.824090e-04 
163000, 1.817808e-04 
163500, 1.813504e-04 
164000, 1.810543e-04 
164500, 1.808476e-04 
165000, 1.806995e-04 
165500, 1.805893e-04 
166000, 1.805033e-04 
166500, 1.804330e-04 
167000, 1.803727e-04 
167500, 1.803188e-04 
168000, 1.802691e-04 
168500, 1.802222e-04 
169000, 1.801770e-04 
169500, 1.801331e-04 
170000, 1.800901e-04 
170500, 1.800478e-04 
171000, 1.800060e-04 
171500, 1.799646e-04 
172000, 1.799236e-04 
172500, 1.798830e-04 
173000, 1.798426e-04 
173500, 1.798026e-04 
174000, 1.797629e-04 
174500, 1.797235e-04 
175000, 1.796845e-04 
175500, 1.796457e-04 
176000, 1.796072e-04 
176500, 1.795690e-04 
177000, 1.795311e-04 
177500, 1.794936e-04 
178000, 1.794563e-04 
178500, 1.794194e-04 
179000, 1.793828e-04 
179500, 1.793465e-04 
180000, 1.793105e-04 
180500, 3.049401e-04 
181000, 2.778526e-04 
181500, 2.727747e-04 
182000, 2.712886e-04 
182500, 2.706250e-04 
183000, 2.705249e-04 
183500, 2.704443e-04 
184000, 2.703465e-04 
184500, 2.702866e-04 
185000, 2.702284e-04 
185500, 2.701713e-04 
186000, 2.701149e-04 
186500, 2.700590e-04 
187000, 2.700035e-04 
187500, 2.699507e-04 
188000, 2.698996e-04 
188500, 2.698488e-04 
189000, 2.697984e-04 
189500, 2.697483e-04 
190000, 2.696985e-04 
190500, 2.696490e-04 
191000, 2.695999e-04 
191500, 2.695510e-04 
192000, 2.695025e-04 
192500, 2.694543e-04 
193000, 2.694064e-04 
193500, 2.693588e-04 
194000, 2.693115e-04 
194500, 2.692644e-04 
195000, 2.692177e-04 
195500, 2.691713e-04 
196000, 2.691252e-04 
196500, 2.690794e-04 
197000, 2.690338e-04 
197500, 2.689886e-04 
198000, 2.689436e-04 
198500, 2.689319e-04 
199000, 2.689278e-04 
199500, 2.689031e-04 
200000, 2.688749e-04 
200500, 4.044808e-04 
201000, 2.841717e-04 
201500, 2.293990e-04 
202000, 2.107699e-04 
202500, 1.993783e-04 
203000, 1.918964e-04 
203500, 1.863635e-04 
204000, 1.834181e-04 
204500, 1.814667e-04 
205000, 1.800914e-04 
205500, 1.791388e-04 
206000, 1.785644e-04 
206500, 1.782733e-04 
207000, 1.781389e-04 
207500, 1.780739e-04 
208000, 1.780363e-04 
208500, 1.780091e-04 
209000, 1.779856e-04 
209500, 1.779793e-04 
210000, 1.779551e-04 
210500, 1.779364e-04 
211000, 1.779175e-04 
211500, 1.778988e-04 
212000, 1.778804e-04 
212500, 1.778622e-04 
213000, 1.778442e-04 
213500, 1.778265e-04 
214000, 1.778090e-04 
214500, 1.777917e-04 
215000, 1.777746e-04 
215500, 1.777579e-04 
216000, 1.777414e-04 
216500, 1.777252e-04 
217000, 1.777070e-04 
217500, 1.791083e-04 
218000, 1.789644e-04 
218500, 1.789104e-04 
219000, 1.782641e-04 
219500, 1.769333e-04 
220000, 1.765443e-04 
220500, 3.528263e-04 
221000, 2.917079e-04 
221500, 2.751826e-04 
222000, 2.665613e-04 
222500, 2.679748e-04 
223000, 2.687890e-04 
223500, 2.681382e-04 
224000, 2.667015e-04 
224500, 2.648349e-04 
225000, 2.624265e-04 
225500, 2.593423e-04 
226000, 2.555305e-04 
226500, 2.508577e-04 
227000, 2.475916e-04 
227500, 2.466149e-04 
228000, 2.460596e-04 
228500, 2.461264e-04 
229000, 2.445135e-04 
229500, 2.424887e-04 
230000, 2.398798e-04 
230500, 2.366708e-04 
231000, 2.329527e-04 
231500, 2.290346e-04 
232000, 2.252149e-04 
232500, 2.217736e-04 
233000, 2.196286e-04 
233500, 2.184850e-04 
234000, 2.179755e-04 
234500, 2.177377e-04 
235000, 2.175687e-04 
235500, 2.174176e-04 
236000, 2.172762e-04 
236500, 2.171421e-04 
237000, 2.170142e-04 
237500, 2.168918e-04 
238000, 2.167745e-04 
238500, 2.166619e-04 
239000, 2.165537e-04 
239500, 2.164148e-04 
240000, 2.163000e-04 
240500, 6.853451e-04 
241000, 5.333000e-04 
241500, 4.947616e-04 
242000, 4.753381e-04 
242500, 4.659991e-04 
243000, 4.595795e-04 
243500, 4.569753e-04 
244000, 4.546737e-04 
244500, 4.521403e-04 
245000, 4.498726e-04 
245500, 4.461631e-04 
246000, 4.443820e-04 
246500, 4.427730e-04 
247000, 4.413537e-04 
247500, 4.401175e-04 
248000, 4.391252e-04 
248500, 4.383546e-04 
249000, 4.377096e-04 
249500, 4.371776e-04 
250000, 4.367790e-04 
250500, 4.371876e-04 
251000, 4.368904e-04 
251500, 4.365481e-04 
252000, 4.359763e-04 
252500, 4.356936e-04 
253000, 4.354354e-04 
253500, 4.351931e-04 
254000, 4.349608e-04 
254500, 4.347146e-04 
255000, 4.342371e-04 
255500, 4.340390e-04 
256000, 4.338339e-04 
256500, 4.336259e-04 
257000, 4.334164e-04 
257500, 4.330072e-04 
258000, 4.320051e-04 
258500, 4.315331e-04 
259000, 4.302877e-04 
259500, 4.295232e-04 
260000, 4.286013e-04 
260500, 1.274452e-03 
261000, 9.597405e-04 
261500, 8.657765e-04 
262000, 8.223850e-04 
262500, 7.909128e-04 
263000, 7.675449e-04 
263500, 7.485624e-04 
264000, 7.300342e-04 
264500, 7.151055e-04 
265000, 6.998114e-04 
265500, 6.889784e-04 
266000, 6.840953e-04 
266500, 6.810307e-04 
267000, 6.751036e-04 
267500, 6.687375e-04 
268000, 6.635813e-04 
268500, 6.583409e-04 
269000, 6.529052e-04 
269500, 6.494746e-04 
270000, 6.465994e-04 
270500, 6.407657e-04 
271000, 6.354129e-04 
271500, 6.324159e-04 
272000, 6.311933e-04 
272500, 6.305234e-04 
273000, 6.299088e-04 
273500, 6.294829e-04 
274000, 6.312489e-04 
274500, 6.318465e-04 
275000, 6.304228e-04 
275500, 6.278070e-04 
276000, 6.249547e-04 
276500, 6.222287e-04 
277000, 6.190612e-04 
277500, 6.160061e-04 
278000, 6.134387e-04 
278500, 6.099465e-04 
279000, 6.070007e-04 
279500, 6.045806e-04 
280000, 6.039965e-04 
280500, 1.167021e-03 
281000, 8.804603e-04 
281500, 7.891836e-04 
282000, 7.417740e-04 
282500, 7.128739e-04 
283000, 6.890702e-04 
283500, 6.735208e-04 
284000, 6.632448e-04 
284500, 6.575878e-04 
285000, 6.552977e-04 
285500, 6.538692e-04 
286000, 6.524125e-04 
286500, 6.486652e-04 
287000, 6.473212e-04 
287500, 6.462052e-04 
288000, 6.451472e-04 
288500, 6.441171e-04 
289000, 6.431014e-04 
289500, 6.422380e-04 
290000, 6.418121e-04 
290500, 6.412393e-04 
291000, 6.408470e-04 
291500, 6.406317e-04 
292000, 6.403389e-04 
292500, 6.399044e-04 
293000, 6.392608e-04 
293500, 6.380220e-04 
294000, 6.373862e-04 
294500, 6.367894e-04 
295000, 6.360946e-04 
295500, 6.355152e-04 
296000, 6.347609e-04 
296500, 6.333817e-04 
297000, 6.328848e-04 
297500, 6.313222e-04 
298000, 6.297558e-04 
298500, 6.286589e-04 
299000, 6.280291e-04 
299500, 6.277607e-04 
300000, 6.274844e-04 
300500, 1.392658e-03 
301000, 1.076986e-03 
301500, 9.685235e-04 
302000, 9.181701e-04 
302500, 8.895444e-04 
303000, 8.707377e-04 
303500, 8.576827e-04 
304000, 8.486881e-04 
304500, 8.418030e-04 
305000, 8.339345e-04 
305500, 8.272763e-04 
306000, 8.210054e-04 
306500, 8.137404e-04 
307000, 8.069527e-04 
307500, 8.026804e-04 
308000, 7.996766e-04 
308500, 7.970774e-04 
309000, 7.944115e-04 
309500, 7.922865e-04 
310000, 7.903816e-04 
310500, 7.888176e-04 
311000, 7.868767e-04 
311500, 7.855466e-04 
312000, 7.844521e-04 
312500, 7.829814e-04 
313000, 7.823319e-04 
313500, 7.819123e-04 
314000, 7.807979e-04 
314500, 7.806096e-04 
315000, 7.804202e-04 
315500, 7.802458e-04 
316000, 7.813232e-04 
316500, 7.778920e-04 
317000, 7.777771e-04 
317500, 7.784783e-04 
318000, 7.787105e-04 
318500, 7.756145e-04 
319000, 7.748321e-04 
319500, 7.742241e-04 
320000, 7.741936e-04 
320500, 1.759931e-03 
321000, 1.529635e-03 
321500, 1.431940e-03 
322000, 1.370136e-03 
322500, 1.334166e-03 
323000, 1.314087e-03 
323500, 1.301364e-03 
324000, 1.290714e-03 
324500, 1.281815e-03 
325000, 1.262957e-03 
325500, 1.248844e-03 
326000, 1.240631e-03 
326500, 1.231016e-03 
327000, 1.224052e-03 
327500, 1.221189e-03 
328000, 1.214941e-03 
328500, 1.209264e-03 
329000, 1.202513e-03 
329500, 1.199827e-03 
330000, 1.198247e-03 
330500, 1.197289e-03 
331000, 1.196288e-03 
331500, 1.195161e-03 
332000, 1.194235e-03 
332500, 1.194349e-03 
333000, 1.192617e-03 
333500, 1.191080e-03 
334000, 1.188468e-03 
334500, 1.186685e-03 
335000, 1.183131e-03 
335500, 1.182333e-03 
336000, 1.180137e-03 
336500, 1.178497e-03 
337000, 1.177659e-03 
337500, 1.177567e-03 
338000, 1.175889e-03 
338500, 1.174577e-03 
339000, 1.173256e-03 
339500, 1.171571e-03 
340000, 1.169324e-03 
340500, 2.538492e-03 
341000, 1.907379e-03 
341500, 1.688575e-03 
342000, 1.592196e-03 
342500, 1.535933e-03 
343000, 1.491866e-03 
343500, 1.459925e-03 
344000, 1.437000e-03 
344500, 1.420949e-03 
345000, 1.405602e-03 
345500, 1.390776e-03 
346000, 1.373597e-03 
346500, 1.359242e-03 
347000, 1.346523e-03 
347500, 1.335181e-03 
348000, 1.325065e-03 
348500, 1.317527e-03 
349000, 1.311217e-03 
349500, 1.305025e-03 
350000, 1.298185e-03 
350500, 1.291742e-03 
351000, 1.281918e-03 
351500, 1.277837e-03 
352000, 1.274500e-03 
352500, 1.271936e-03 
353000, 1.269873e-03 
353500, 1.267650e-03 
354000, 1.266179e-03 
354500, 1.264904e-03 
355000, 1.262280e-03 
355500, 1.256679e-03 
356000, 1.254682e-03 
356500, 1.252752e-03 
357000, 1.251965e-03 
357500, 1.250832e-03 
358000, 1.248584e-03 
358500, 1.248457e-03 
359000, 1.247715e-03 
359500, 1.246748e-03 
360000, 1.247258e-03 
360500, 4.298241e-03 
361000, 2.877898e-03 
361500, 2.375627e-03 
362000, 2.156746e-03 
362500, 2.031601e-03 
363000, 1.953627e-03 
363500, 1.897992e-03 
364000, 1.848819e-03 
364500, 1.810155e-03 
365000, 1.776543e-03 
365500, 1.748930e-03 
366000, 1.724612e-03 
366500, 1.697807e-03 
367000, 1.680611e-03 
367500, 1.669283e-03 
368000, 1.654115e-03 
368500, 1.636488e-03 
369000, 1.623545e-03 
369500, 1.609767e-03 
370000, 1.598978e-03 
370500, 1.588816e-03 
371000, 1.578605e-03 
371500, 1.570553e-03 
372000, 1.560791e-03 
372500, 1.553629e-03 
373000, 1.547485e-03 
373500, 1.542841e-03 
374000, 1.537203e-03 
374500, 1.534610e-03 
375000, 1.529754e-03 
375500, 1.524898e-03 
376000, 1.516424e-03 
376500, 1.509420e-03 
377000, 1.502396e-03 
377500, 1.494078e-03 
378000, 1.485654e-03 
378500, 1.479151e-03 
379000, 1.476279e-03 
379500, 1.474414e-03 
380000, 1.470804e-03 
380500, 4.521359e-03 
381000, 3.467488e-03 
381500, 3.045939e-03 
382000, 2.831219e-03 
382500, 2.687806e-03 
383000, 2.592795e-03 
383500, 2.526141e-03 
384000, 2.470325e-03 
384500, 2.420655e-03 
385000, 2.380977e-03 
385500, 2.352316e-03 
386000, 2.329658e-03 
386500, 2.308837e-03 
387000, 2.282470e-03 
387500, 2.255468e-03 
388000, 2.226113e-03 
388500, 2.191845e-03 
389000, 2.162187e-03 
389500, 2.140265e-03 
390000, 2.122872e-03 
390500, 2.110305e-03 
391000, 2.088314e-03 
391500, 2.064632e-03 
392000, 2.045142e-03 
392500, 2.031173e-03 
393000, 2.019264e-03 
393500, 2.007437e-03 
394000, 1.996286e-03 
394500, 1.985064e-03 
395000, 1.973963e-03 
395500, 1.966445e-03 
396000, 1.957817e-03 
396500, 1.948542e-03 
397000, 1.939418e-03 
397500, 1.929351e-03 
398000, 1.918816e-03 
398500, 1.907638e-03 
399000, 1.896633e-03 
399500, 1.887145e-03 
400000, 1.878258e-03 
400500, 3.899797e-03 
401000, 3.346333e-03 
401500, 3.099746e-03 
402000, 2.965226e-03 
402500, 2.861573e-03 
403000, 2.783139e-03 
403500, 2.722946e-03 
404000, 2.665450e-03 
404500, 2.615542e-03 
405000, 2.576680e-03 
405500, 2.541136e-03 
406000, 2.503307e-03 
406500, 2.467215e-03 
407000, 2.434171e-03 
407500, 2.405841e-03 
408000, 2.379563e-03 
408500, 2.357192e-03 
409000, 2.336465e-03 
409500, 2.320391e-03 
410000, 2.305343e-03 
410500, 2.291720e-03 
411000, 2.279410e-03 
411500, 2.268027e-03 
412000, 2.259648e-03 
412500, 2.251651e-03 
413000, 2.242260e-03 
413500, 2.231092e-03 
414000, 2.221622e-03 
414500, 2.210561e-03 
415000, 2.195052e-03 
415500, 2.181919e-03 
416000, 2.174316e-03 
416500, 2.168365e-03 
417000, 2.163184e-03 
417500, 2.159359e-03 
418000, 2.155074e-03 
418500, 2.150618e-03 
419000, 2.146521e-03 
419500, 2.139906e-03 
420000, 2.134349e-03 
420500, 4.040237e-03 
421000, 3.508935e-03 
421500, 3.273386e-03 
422000, 3.129225e-03 
422500, 3.029874e-03 
423000, 2.952340e-03 
423500, 2.886220e-03 
424000, 2.830403e-03 
424500, 2.793260e-03 
425000, 2.761426e-03 
425500, 2.727830e-03 
426000, 2.689640e-03 
426500, 2.658594e-03 
427000, 2.629534e-03 
427500, 2.612144e-03 
428000, 2.590114e-03 
428500, 2.575176e-03 
429000, 2.562967e-03 
429500, 2.548236e-03 
430000, 2.526373e-03 
430500, 2.509678e-03 
431000, 2.498093e-03 
431500, 2.484470e-03 
432000, 2.471418e-03 
432500, 2.456360e-03 
433000, 2.446858e-03 
433500, 2.436537e-03 
434000, 2.426740e-03 
434500, 2.423924e-03 
435000, 2.413110e-03 
435500, 2.405475e-03 
436000, 2.398146e-03 
436500, 2.390040e-03 
437000, 2.380910e-03 
437500, 2.370123e-03 
438000, 2.360592e-03 
438500, 2.353620e-03 
439000, 2.346780e-03 
439500, 2.341678e-03 
440000, 2.335380e-03 
440500, 3.868167e-03 
441000, 3.385604e-03 
441500, 3.187361e-03 
442000, 3.071798e-03 
442500, 2.984669e-03 
443000, 2.923300e-03 
443500, 2.871675e-03 
444000, 2.826040e-03 
444500, 2.785341e-03 
445000, 2.750475e-03 
445500, 2.724284e-03 
446000, 2.702659e-03 
446500, 2.676591e-03 
447000, 2.660236e-03 
447500, 2.642839e-03 
448000, 2.626126e-03 
448500, 2.612935e-03 
449000, 2.602468e-03 
449500, 2.593913e-03 
450000, 2.586227e-03 
450500, 2.574884e-03 
451000, 2.563588e-03 
451500, 2.554410e-03 
452000, 2.546057e-03 
452500, 2.536797e-03 
453000, 2.528293e-03 
453500, 2.520400e-03 
454000, 2.515043e-03 
454500, 2.508200e-03 
455000, 2.504184e-03 
455500, 2.499005e-03 
456000, 2.494983e-03 
456500, 2.491137e-03 
457000, 2.485508e-03 
457500, 2.481448e-03 
458000, 2.477359e-03 
458500, 2.474972e-03 
459000, 2.473726e-03 
459500, 2.472178e-03 
460000, 2.466493e-03 
460500, 4.053144e-03 
461000, 3.530813e-03 
461500, 3.346679e-03 
462000, 3.242555e-03 
462500, 3.147007e-03 
463000, 3.075129e-03 
463500, 3.022414e-03 
464000, 2.978671e-03 
464500, 2.939109e-03 
465000, 2.894785e-03 
465500, 2.854920e-03 
466000, 2.827440e-03 
466500, 2.804229e-03 
467000, 2.786912e-03 
467500, 2.771064e-03 
468000, 2.758584e-03 
468500, 2.748871e-03 
469000, 2.737522e-03 
469500, 2.723075e-03 
470000, 2.707031e-03 
470500, 2.691710e-03 
471000, 2.679158e-03 
471500, 2.669521e-03 
472000, 2.659342e-03 
472500, 2.649772e-03 
473000, 2.642566e-03 
473500, 2.634430e-03 
474000, 2.622646e-03 
474500, 2.614993e-03 
475000, 2.603554e-03 
475500, 2.595994e-03 
476000, 2.590464e-03 
476500, 2.583337e-03 
477000, 2.578529e-03 
477500, 2.571393e-03 
478000, 2.563853e-03 
478500, 2.554886e-03 
479000, 2.542982e-03 
479500, 2.532562e-03 
480000, 2.524296e-03 
480500, 4.009938e-03 
481000, 3.451396e-03 
481500, 3.232915e-03 
482000, 3.123159e-03 
482500, 3.052109e-03 
483000, 2.995951e-03 
483500, 2.951788e-03 
484000, 2.917026e-03 
484500, 2.886713e-03 
485000, 2.856833e-03 
485500, 2.837851e-03 
486000, 2.821761e-03 
486500, 2.803392e-03 
487000, 2.789363e-03 
487500, 2.771729e-03 
488000, 2.752136e-03 
488500, 2.736770e-03 
489000, 2.721524e-03 
489500, 2.709693e-03 
490000, 2.698300e-03 
490500, 2.687643e-03 
491000, 2.676116e-03 
491500, 2.665350e-03 
492000, 2.657361e-03 
492500, 2.647622e-03 
493000, 2.637940e-03 
493500, 2.625860e-03 
494000, 2.615156e-03 
494500, 2.606340e-03 
495000, 2.596928e-03 
495500, 2.578471e-03 
496000, 2.564543e-03 
496500, 2.553671e-03 
497000, 2.545992e-03 
497500, 2.538484e-03 
498000, 2.531304e-03 
498500, 2.527253e-03 
499000, 2.523087e-03 
499500, 2.518958e-03 
500000, 2.514965e-03 
500500, 4.607807e-03 
501000, 3.880912e-03 
501500, 3.593382e-03 
502000, 3.444530e-03 
502500, 3.332526e-03 
503000, 3.232230e-03 
503500, 3.138873e-03 
504000, 3.070079e-03 
504500, 3.015628e-03 
505000, 2.966975e-03 
505500, 2.929159e-03 
506000, 2.898400e-03 
506500, 2.874183e-03 
507000, 2.848034e-03 
507500, 2.828319e-03 
508000, 2.808784e-03 
508500, 2.789346e-03 
509000, 2.771220e-03 
509500, 2.759060e-03 
510000, 2.746116e-03 
510500, 2.734111e-03 
511000, 2.719749e-03 
511500, 2.705496e-03 
512000, 2.692460e-03 
512500, 2.677585e-03 
513000, 2.662770e-03 
513500, 2.649582e-03 
514000, 2.635014e-03 
514500, 2.620189e-03 
515000, 2.604165e-03 
515500, 2.591278e-03 
516000, 2.580485e-03 
516500, 2.572412e-03 
517000, 2.566861e-03 
517500, 2.561802e-03 
518000, 2.556532e-03 
518500, 2.551527e-03 
519000, 2.547392e-03 
519500, 2.543421e-03 
520000, 2.538115e-03 
520500, 4.786028e-03 
521000, 3.976362e-03 
521500, 3.636753e-03 
522000, 3.456523e-03 
522500, 3.330319e-03 
523000, 3.237370e-03 
523500, 3.172862e-03 
524000, 3.120719e-03 
524500, 3.079688e-03 
525000, 3.049786e-03 
525500, 3.023174e-03 
526000, 3.002380e-03 
526500, 2.983883e-03 
527000, 2.962503e-03 
527500, 2.940573e-03 
528000, 2.920307e-03 
528500, 2.901770e-03 
529000, 2.882864e-03 
529500, 2.865330e-03 
530000, 2.852029e-03 
530500, 2.835887e-03 
531000, 2.816611e-03 
531500, 2.800616e-03 
532000, 2.786925e-03 
532500, 2.773083e-03 
533000, 2.760999e-03 
533500, 2.749580e-03 
534000, 2.739943e-03 
534500, 2.725996e-03 
535000, 2.717263e-03 
535500, 2.710465e-03 
536000, 2.704041e-03 
536500, 2.699672e-03 
537000, 2.693295e-03 
537500, 2.690707e-03 
538000, 2.681144e-03 
538500, 2.673831e-03 
539000, 2.671337e-03 
539500, 2.664385e-03 
540000, 2.654610e-03 
540500, 5.314673e-03 
541000, 4.391752e-03 
541500, 4.046264e-03 
542000, 3.864497e-03 
542500, 3.712037e-03 
543000, 3.595188e-03 
543500, 3.504792e-03 
544000, 3.429265e-03 
544500, 3.377396e-03 
545000, 3.330370e-03 
545500, 3.294201e-03 
546000, 3.255530e-03 
546500, 3.215928e-03 
547000, 3.183671e-03 
547500, 3.150791e-03 
548000, 3.122174e-03 
548500, 3.096885e-03 
549000, 3.074745e-03 
549500, 3.053489e-03 
550000, 3.036088e-03 
550500, 3.023511e-03 
551000, 3.011432e-03 
551500, 3.001227e-03 
552000, 2.992645e-03 
500, 0.000000e+00 
1000, 0.000000e+00 
1500, 0.000000e+00 
2000, 0.000000e+00 
2500, 0.000000e+00 
3000, 0.000000e+00 
3500, 0.000000e+00 
4000, 0.000000e+00 
4500, 0.000000e+00 
5000, 0.000000e+00 
5500, 0.000000e+00 
6000, 0.000000e+00 
6500, 0.000000e+00 
7000, 0.000000e+00 
7500, 0.000000e+00 
8000, 0.000000e+00 
8500, 0.000000e+00 
9000, 0.000000e+00 
9500, 0.000000e+00 
10000, 0.000000e+00 
10500, 0.000000e+00 
11000, 0.000000e+00 
11500, 0.000000e+00 
12000, 0.000000e+00 
12500, 0.000000e+00 
13000, 0.000000e+00 
13500, 0.000000e+00 
14000, 0.000000e+00 
14500, 0.000000e+00 
15000, 0.000000e+00 
15500, 0.000000e+00 
16000, 0.000000e+00 
16500, 0.000000e+00 
17000, 0.000000e+00 
17500, 0.000000e+00 
18000, 0.000000e+00 
18500, 0.000000e+00 
19000, 0.000000e+00 
19500, 0.000000e+00 
20000, 0.000000e+00 
20500, 0.000000e+00 
21000, 0.000000e+00 
21500, 0.000000e+00 
22000, 0.000000e+00 
22500, 0.000000e+00 
23000, 0.000000e+00 
23500, 0.000000e+00 
24000, 0.000000e+00 
24500, 0.000000e+00 
25000, 0.000000e+00 
25500, 0.000000e+00 
26000, 0.000000e+00 
26500, 0.000000e+00 
27000, 0.000000e+00 
27500, 0.000000e+00 
28000, 0.000000e+00 
28500, 0.000000e+00 
29000, 0.000000e+00 
29500, 0.000000e+00 
30000, 0.000000e+00 
30500, 0.000000e+00 
31000, 0.000000e+00 
31500, 0.000000e+00 
32000, 0.000000e+00 
32500, 0.000000e+00 
33000, 0.000000e+00 
33500, 0.000000e+00 
34000, 0.000000e+00 
34500, 0.000000e+00 
35000, 0.000000e+00 
35500, 0.000000e+00 
36000, 0.000000e+00 
36500, 0.000000e+00 
37000, 0.000000e+00 
37500, 0.000000e+00 
38000, 0.000000e+00 
38500, 0.000000e+00 
39000, 0.000000e+00 
39500, 0.000000e+00 
40000, 0.000000e+00 
40500, 0.000000e+00 
41000, 0.000000e+00 
41500, 0.000000e+00 
42000, 0.000000e+00 
42500, 0.000000e+00 
43000, 0.000000e+00 
43500, 0.000000e+00 
44000, 0.000000e+00 
44500, 0.000000e+00 
45000, 0.000000e+00 
45500, 0.000000e+00 
46000, 0.000000e+00 
46500, 0.000000e+00 
47000, 0.000000e+00 
47500, 0.000000e+00 
48000, 0.000000e+00 
48500, 0.000000e+00 
49000, 0.000000e+00 
49500, 0.000000e+00 
50000, 0.000000e+00 
50500, 0.000000e+00 
51000, 0.000000e+00 
51500, 0.000000e+00 
52000, 0.000000e+00 
52500, 0.000000e+00 
53000, 0.000000e+00 
53500, 0.000000e+00 
54000, 0.000000e+00 
54500, 0.000000e+00 
55000, 0.000000e+00 
55500, 0.000000e+00 
56000, 0.000000e+00 
56500, 0.000000e+00 
57000, 0.000000e+00 
57500, 0.000000e+00 
58000, 0.000000e+00 
58500, 0.000000e+00 
59000, 0.000000e+00 
59500, 0.000000e+00 
60000, 0.000000e+00 
60500, 4.856075e-21 
61000, 1.956143e-20 
61500, 4.411620e-20 
62000, 7.852019e-20 
62500, 1.227731e-19 
63000, 1.768747e-19 
63500, 2.408245e-19 
64000, 3.146220e-19 
64500, 3.982667e-19 
65000, 4.917579e-19 
65500, 5.950950e-19 
66000, 7.082770e-19 
66500, 8.313033e-19 
67000, 9.641727e-19 
67500, 1.106884e-18 
68000, 1.259437e-18 
68500, 1.421830e-18 
69000, 1.594062e-18 
69500, 1.776131e-18 
70000, 1.968036e-18 
70500, 2.169775e-18 
71000, 2.381348e-18 
71500, 2.602752e-18 
72000, 2.833986e-18 
72500, 3.075047e-18 
73000, 3.325935e-18 
73500, 3.586648e-18 
74000, 3.857182e-18 
74500, 4.137537e-18 
75000, 4.427709e-18 
75500, 4.727698e-18 
76000, 5.037500e-18 
76500, 5.357114e-18 
77000, 5.686536e-18 
77500, 6.025764e-18 
78000, 6.374796e-18 
78500, 6.733630e-18 
79000, 7.102261e-18 
79500, 7.480688e-18 
80000, 7.868908e-18 
80500, 9.901808e-18 
81000, 1.034546e-17 
81500, 1.079879e-17 
82000, 1.126178e-17 
82500, 1.173444e-17 
83000, 1.221676e-17 
83500, 1.270874e-17 
84000, 1.321036e-17 
84500, 1.372164e-17 
85000, 1.424255e-17 
85500, 1.477310e-17 
86000, 1.531329e-17 
86500, 1.586310e-17 
87000, 1.642253e-17 
87500, 1.699158e-17 
88000, 1.757024e-17 
88500, 1.815850e-17 
89000, 1.875637e-17 
89500, 1.936383e-17 
90000, 1.998088e-17 
90500, 2.060751e-17 
91000, 2.124372e-17 
91500, 2.188950e-17 
92000, 2.254485e-17 
92500, 2.320975e-17 
93000, 2.388421e-17 
93500, 2.456822e-17 
94000, 2.526176e-17 
94500, 2.596485e-17 
95000, 2.667745e-17 
95500, 2.739958e-17 
96000, 2.813123e-17 
96500, 2.887238e-17 
97000, 2.962303e-17 
97500, 3.038317e-17 
98000, 3.115280e-17 
98500, 3.193191e-17 
99000, 3.272049e-17 
99500, 3.351854e-17 
100000, 3.432604e-17 
100500, 4.199430e-17 
101000, 4.273124e-17 
101500, 4.347436e-17 
102000, 4.422364e-17 
102500, 4.497909e-17 
103000, 4.574069e-17 
103500, 4.650844e-17 
104000, 4.728233e-17 
104500, 4.806235e-17 
105000, 4.884848e-17 
105500, 4.964073e-17 
106000, 5.043909e-17 
106500, 5.124354e-17 
107000, 5.205408e-17 
107500, 5.287069e-17 
108000, 5.369338e-17 
108500, 5.452213e-17 
109000, 5.535693e-17 
109500, 5.619777e-17 
110000, 5.704464e-17 
110500, 5.789755e-17 
111000, 5.875646e-17 
111500, 5.962139e-17 
112000, 6.049231e-17 
112500, 6.136921e-17 
113000, 6.225210e-17 
113500, 6.314096e-17 
114000, 6.403577e-17 
114500, 6.493653e-17 
115000, 6.584324e-17 
115500, 6.675587e-17 
116000, 6.767443e-17 
116500, 6.859890e-17 
117000, 6.952926e-17 
117500, 7.046552e-17 
118000, 7.140766e-17 
118500, 7.235567e-17 
119000, 7.330954e-17 
119500, 7.426926e-17 
120000, 7.523482e-17 
120500, 4.514030e-17 
121000, 4.510684e-17 
121500, 4.507374e-17 
122000, 4.504100e-17 
122500, 4.500864e-17 
123000, 4.497664e-17 
123500, 4.494500e-17 
124000, 4.491374e-17 
124500, 4.488284e-17 
125000, 4.485231e-17 
125500, 4.482215e-17 
126000, 4.479236e-17 
126500, 4.476293e-17 
127000, 4.473388e-17 
127500, 4.470520e-17 
128000, 4.467689e-17 
128500, 4.464895e-17 
129000, 4.462138e-17 
129500, 4.459418e-17 
130000, 4.456735e-17 
130500, 4.454089e-17 
131000, 4.451481e-17 
131500, 4.448910e-17 
132000, 4.446377e-17 
132500, 4.443880e-17 
133000, 4.441421e-17 
133500, 4.439000e-17 
134000, 4.436615e-17 
134500, 4.434269e-17 
135000, 4.431959e-17 
135500, 4.429688e-17 
136000, 4.427454e-17 
136500, 4.425257e-17 
137000, 4.423098e-17 
137500, 4.420976e-17 
138000, 4.418893e-17 
138500, 4.416846e-17 
139000, 4.414838e-17 
139500, 4.412867e-17 
140000, 4.410934e-17 
140500, 5.270671e-17 
141000, 5.248188e-17 
141500, 5.225872e-17 
142000, 5.203723e-17 
142500, 5.181742e-17 
143000, 5.159929e-17 
143500, 5.138283e-17 
144000, 5.116806e-17 
144500, 5.095498e-17 
145000, 5.074358e-17 
145500, 5.053387e-17 
146000, 5.032586e-17 
146500, 5.011954e-17 
147000, 4.991493e-17 
147500, 4.971201e-17 
148000, 4.951080e-17 
148500, 4.931130e-17 
149000, 4.911350e-17 
149500, 4.891742e-17 
150000, 4.872305e-17 
150500, 4.853040e-17 
151000, 4.833947e-17 
151500, 4.815026e-17 
152000, 4.796278e-17 
152500, 4.777702e-17 
153000, 4.759300e-17 
153500, 4.741070e-17 
154000, 4.723014e-17 
154500, 4.705131e-17 
155000, 4.687423e-17 
155500, 4.669888e-17 
156000, 4.652528e-17 
156500, 4.635342e-17 
157000, 4.618331e-17 
157500, 4.601495e-17 
158000, 4.584834e-17 
158500, 4.568349e-17 
159000, 4.552039e-17 
159500, 4.535905e-17 
160000, 4.519947e-17 
160500, 2.580300e-03 
161000, 1.194414e-03 
161500, 1.194414e-03 
162000, 1.194414e-03 
162500, 3.486708e-17 
163000, 3.481133e-17 
163500, 3.475655e-17 
164000, 3.470275e-17 
164500, 3.464993e-17 
165000, 3.459809e-17 
165500, 3.454723e-17 
166000, 3.449735e-17 
166500, 3.444845e-17 
167000, 3.440053e-17 
167500, 3.435358e-17 
168000, 3.430761e-17 
168500, 3.426262e-17 
169000, 3.421861e-17 
169500, 3.417558e-17 
170000, 3.413352e-17 
170500, 3.409244e-17 
171000, 3.405233e-17 
171500, 3.401320e-17 
172000, 3.397504e-17 
172500, 3.393785e-17 
173000, 3.390164e-17 
173500, 3.386640e-17 
174000, 3.383214e-17 
174500, 3.379884e-17 
175000, 3.376652e-17 
175500, 3.373516e-17 
176000, 3.370478e-17 
176500, 3.367536e-17 
177000, 3.364691e-17 
177500, 3.361943e-17 
178000, 3.359291e-17 
178500, 3.356736e-17 
179000, 3.354277e-17 
179500, 3.351915e-17 
180000, 3.349649e-17 
180500, 3.044814e-17 
181000, 3.091578e-17 
181500, 3.139055e-17 
182000, 3.187244e-17 
182500, 3.236144e-17 
183000, 3.285755e-17 
183500, 3.336077e-17 
184000, 3.387108e-17 
184500, 3.438848e-17 
185000, 3.491297e-17 
185500, 3.544453e-17 
186000, 3.598317e-17 
186500, 3.652887e-17 
187000, 3.708162e-17 
187500, 3.764143e-17 
188000, 3.820828e-17 
188500, 3.878217e-17 
189000, 3.936308e-17 
189500, 3.995102e-17 
190000, 4.054598e-17 
190500, 4.114794e-17 
191000, 4.175690e-17 
191500, 4.237286e-17 
192000, 4.299580e-17 
192500, 4.362572e-17 
193000, 4.426260e-17 
193500, 4.490645e-17 
194000, 4.555726e-17 
194500, 4.621501e-17 
195000, 4.687970e-17 
195500, 4.755131e-17 
196000, 4.822985e-17 
196500, 4.891530e-17 
197000, 4.960766e-17 
197500, 5.030691e-17 
198000, 5.101305e-17 
198500, 5.172607e-17 
199000, 5.244596e-17 
199500, 5.317271e-17 
200000, 5.390631e-17 
200500, 4.133597e-17 
201000, 4.165608e-17 
201500, 4.197954e-17 
202000, 4.230636e-17 
202500, 4.263654e-17 
203000, 4.297006e-17 
203500, 4.330693e-17 
204000, 4.364713e-17 
204500, 4.399068e-17 
205000, 4.433756e-17 
205500, 4.468776e-17 
206000, 4.504129e-17 
206500, 4.539815e-17 
207000, 4.575832e-17 
207500, 4.612180e-17 
208000, 4.648859e-17 
208500, 4.685869e-17 
209000, 4.723208e-17 
209500, 4.760878e-17 
210000, 4.798876e-17 
210500, 4.837204e-17 
211000, 4.875859e-17 
211500, 4.914843e-17 
212000, 4.954154e-17 
212500, 4.993792e-17 
213000, 5.033756e-17 
213500, 5.074047e-17 
214000, 5.114663e-17 
214500, 5.155605e-17 
215000, 5.196871e-17 
215500, 5.238461e-17 
216000, 5.280376e-17 
216500, 5.322613e-17 
217000, 5.365174e-17 
217500, 5.408056e-17 
218000, 5.451261e-17 
218500, 5.494787e-17 
219000, 5.538634e-17 
219500, 5.582801e-17 
220000, 5.627289e-17 
220500, 5.532774e-17 
221000, 5.550455e-17 
221500, 5.568274e-17 
222000, 5.586229e-17 
222500, 5.604321e-17 
223000, 5.622549e-17 
223500, 5.640914e-17 
224000, 5.659414e-17 
224500, 5.678050e-17 
225000, 5.696822e-17 
225500, 5.715728e-17 
226000, 5.734770e-17 
226500, 5.753947e-17 
227000, 5.773258e-17 
227500, 5.792703e-17 
228000, 5.812282e-17 
228500, 5.831996e-17 
229000, 5.851842e-17 
229500, 5.871823e-17 
230000, 5.891936e-17 
230500, 5.912182e-17 
231000, 5.932561e-17 
231500, 5.953072e-17 
232000, 5.973715e-17 
232500, 5.994491e-17 
233000, 6.015397e-17 
233500, 6.036435e-17 
234000, 6.057605e-17 
234500, 6.078905e-17 
235000, 6.100336e-17 
235500, 6.121897e-17 
236000, 6.143588e-17 
236500, 6.165409e-17 
237000, 6.187359e-17 
237500, 6.209439e-17 
238000, 6.231648e-17 
238500, 6.253985e-17 
239000, 6.276451e-17 
239500, 6.299045e-17 
240000, 6.321767e-17 
240500, 7.834605e-17 
241000, 7.857102e-17 
241500, 7.879735e-17 
242000, 7.902503e-17 
242500, 7.925407e-17 
243000, 7.948445e-17 
243500, 7.971617e-17 
244000, 7.994924e-17 
244500, 8.018363e-17 
245000, 8.041936e-17 
245500, 8.065642e-17 
246000, 8.089480e-17 
246500, 8.113450e-17 
247000, 8.137551e-17 
247500, 8.161784e-17 
248000, 8.186147e-17 
248500, 8.210641e-17 
249000, 8.235264e-17 
249500, 8.260017e-17 
250000, 8.284899e-17 
250500, 8.309909e-17 
251000, 8.335048e-17 
251500, 8.360314e-17 
252000, 8.385707e-17 
252500, 8.411227e-17 
253000, 8.436873e-17 
253500, 8.462645e-17 
254000, 8.488542e-17 
254500, 8.514564e-17 
255000, 8.540711e-17 
255500, 8.566981e-17 
256000, 8.593375e-17 
256500, 8.619891e-17 
257000, 8.646530e-17 
257500, 8.673291e-17 
258000, 8.700173e-17 
258500, 8.727177e-17 
259000, 8.754300e-17 
259500, 8.781544e-17 
260000, 8.808906e-17 
260500, 3.730800e-17 
261000, 3.741538e-17 
261500, 3.752441e-17 
262000, 3.763508e-17 
262500, 3.774739e-17 
263000, 3.786133e-17 
263500, 3.797689e-17 
264000, 3.809408e-17 
264500, 3.821289e-17 
265000, 3.833332e-17 
265500, 3.845536e-17 
266000, 3.857900e-17 
266500, 3.870425e-17 
267000, 3.883110e-17 
267500, 3.895955e-17 
268000, 3.908958e-17 
268500, 3.922120e-17 
269000, 3.935441e-17 
269500, 3.948919e-17 
270000, 3.962554e-17 
270500, 3.976347e-17 
271000, 3.990296e-17 
271500, 4.004400e-17 
272000, 4.018661e-17 
272500, 4.033076e-17 
273000, 4.047646e-17 
273500, 4.062370e-17 
274000, 4.077248e-17 
274500, 4.092279e-17 
275000, 4.107462e-17 
275500, 4.122798e-17 
276000, 4.138286e-17 
276500, 4.153924e-17 
277000, 4.169714e-17 
277500, 4.185653e-17 
278000, 4.201742e-17 
278500, 4.217981e-17 
279000, 4.234368e-17 
279500, 4.250903e-17 
280000, 4.267585e-17 
280500, 3.024702e-17 
281000, 3.060803e-17 
281500, 3.097198e-17 
282000, 3.133886e-17 
282500, 3.170866e-17 
283000, 3.208138e-17 
283500, 3.245700e-17 
284000, 3.283552e-17 
284500, 3.321693e-17 
285000, 3.360122e-17 
285500, 3.398839e-17 
286000, 3.437842e-17 
286500, 3.477132e-17 
287000, 3.516706e-17 
287500, 3.556564e-17 
288000, 3.596706e-17 
288500, 3.637130e-17 
289000, 3.677836e-17 
289500, 3.718823e-17 
290000, 3.760089e-17 
290500, 3.801635e-17 
291000, 3.843459e-17 
291500, 3.885561e-17 
292000, 3.927939e-17 
292500, 3.970593e-17 
293000, 4.013522e-17 
293500, 4.056725e-17 
294000, 4.100200e-17 
294500, 4.143948e-17 
295000, 5.688706e-11 
295500, 5.688706e-11 
296000, 2.511509e-10 
296500, 2.511509e-10 
297000, 2.511509e-10 
297500, 2.511509e-10 
298000, 2.511509e-10 
298500, 2.511509e-10 
299000, 2.511509e-10 
299500, 2.511509e-10 
300000, 2.511509e-10 
300500, 2.527152e-10 
301000, 2.527152e-10 
301500, 2.527152e-10 
302000, 2.527152e-10 
302500, 2.527152e-10 
303000, 2.527153e-10 
303500, 2.527153e-10 
304000, 2.527153e-10 
304500, 2.527153e-10 
305000, 2.527153e-10 
305500, 2.527153e-10 
306000, 2.527153e-10 
306500, 2.527153e-10 
307000, 2.527153e-10 
307500, 2.527153e-10 
308000, 1.643500e-09 
308500, 1.643500e-09 
309000, 1.643500e-09 
309500, 1.643500e-09 
310000, 1.643500e-09 
310500, 1.643500e-09 
311000, 4.144954e-08 
311500, 4.144954e-08 
312000, 6.447569e-11 
312500, 6.447569e-11 
313000, 6.447569e-11 
313500, 6.447569e-11 
314000, 6.447569e-11 
314500, 6.447569e-11 
315000, 6.447569e-11 
315500, 6.447569e-11 
316000, 6.447569e-11 
316500, 6.447569e-11 
317000, 6.447569e-11 
317500, 3.909414e-11 
318000, 3.909414e-11 
318500, 3.909413e-11 
319000, 3.909413e-11 
319500, 3.909413e-11 
320000, 3.909413e-11 
320500, 3.640813e-11 
321000, 3.640813e-11 
321500, 3.640814e-11 
322000, 3.640814e-11 
322500, 3.640814e-11 
323000, 3.640814e-11 
323500, 3.640814e-11 
324000, 3.640814e-11 
324500, 3.640814e-11 
325000, 3.640814e-11 
325500, 3.640814e-11 
326000, 3.640814e-11 
326500, 3.640814e-11 
327000, 3.640814e-11 
327500, 3.640814e-11 
328000, 3.640814e-11 
328500, 3.640814e-11 
329000, 3.640814e-11 
329500, 3.640814e-11 
330000, 3.640814e-11 
330500, 3.640814e-11 
331000, 3.640814e-11 
331500, 3.640814e-11 
332000, 3.640814e-11 
332500, 3.640814e-11 
333000, 3.640814e-11 
333500, 3.640814e-11 
334000, 3.640814e-11 
334500, 3.640814e-11 
335000, 3.640814e-11 
335500, 3.640814e-11 
336000, 3.640814e-11 
336500, 3.640814e-11 
337000, 3.640814e-11 
337500, 3.640814e-11 
338000, 3.640814e-11 
338500, 3.640814e-11 
339000, 3.640815e-11 
339500, 3.640815e-11 
340000, 3.640815e-11 
340500, 3.762002e-11 
341000, 3.762002e-11 
341500, 3.762002e-11 
342000, 3.762002e-11 
342500, 3.762002e-11 
343000, 3.762002e-11 
343500, 3.762002e-11 
344000, 3.762002e-11 
344500, 3.762002e-11 
345000, 3.762002e-11 
345500, 3.762002e-11 
346000, 3.762002e-11 
346500, 3.762002e-11 
347000, 3.762002e-11 
347500, 3.762002e-11 
348000, 3.762002e-11 
348500, 3.762002e-11 
349000, 3.762002e-11 
349500, 3.762002e-11 
350000, 3.762002e-11 
350500, 3.762002e-11 
351000, 3.762002e-11 
351500, 3.762002e-11 
352000, 3.762002e-11 
352500, 3.762002e-11 
353000, 3.762002e-11 
353500, 3.762002e-11 
354000, 3.762002e-11 
354500, 3.762002e-11 
355000, 3.762002e-11 
355500, 3.762002e-11 
356000, 3.762002e-11 
356500, 3.762002e-11 
357000, 3.762002e-11 
357500, 3.762002e-11 
358000, 3.762002e-11 
358500, 3.762002e-11 
359000, 3.762002e-11 
359500, 3.762002e-11 
360000, 3.762002e-11 
360500, 2.974210e-11 
361000, 2.974210e-11 
361500, 2.974210e-11 
362000, 2.974210e-11 
362500, 2.974210e-11 
363000, 2.974210e-11 
363500, 2.974210e-11 
364000, 2.974210e-11 
364500, 2.974210e-11 
365000, 2.974210e-11 
365500, 2.974210e-11 
366000, 2.974210e-11 
366500, 2.974210e-11 
367000, 2.974210e-11 
367500, 2.974210e-11 
368000, 2.974210e-11 
368500, 2.974210e-11 
369000, 2.974210e-11 
369500, 2.974210e-11 
370000, 2.974210e-11 
370500, 2.974210e-11 
371000, 2.974210e-11 
371500, 2.974210e-11 
372000, 2.974210e-11 
372500, 2.974210e-11 
373000, 2.974210e-11 
373500, 2.974210e-11 
374000, 2.974210e-11 
374500, 2.974210e-11 
375000, 2.974210e-11 
375500, 2.974210e-11 
376000, 2.974210e-11 
376500, 2.974210e-11 
377000, 2.974210e-11 
377500, 2.974210e-11 
378000, 2.974210e-11 
378500, 2.974210e-11 
379000, 2.974210e-11 
379500, 2.974210e-11 
380000, 2.974210e-11 
380500, 2.974210e-11 
381000, 2.974210e-11 
381500, 2.974210e-11 
382000, 2.974210e-11 
382500, 2.974210e-11 
383000, 2.974210e-11 
383500, 2.974210e-11 
384000, 2.974210e-11 
384500, 2.974210e-11 
385000, 2.974210e-11 
385500, 2.974210e-11 
386000, 2.974210e-11 
386500, 2.974210e-11 
387000, 2.974210e-11 
387500, 2.974210e-11 
388000, 2.974210e-11 
388500, 2.974210e-11 
389000, 2.974210e-11 
389500, 2.974210e-11 
390000, 2.974210e-11 
390500, 2.974210e-11 
391000, 2.974209e-11 
391500, 2.974209e-11 
392000, 2.974209e-11 
392500, 2.974209e-11 
393000, 2.974209e-11 
393500, 2.974209e-11 
394000, 2.974209e-11 
394500, 2.974209e-11 
395000, 2.974209e-11 
395500, 2.974209e-11 
396000, 2.974209e-11 
396500, 2.974209e-11 
397000, 2.974209e-11 
397500, 2.974209e-11 
398000, 2.974209e-11 
398500, 2.974209e-11 
399000, 2.974209e-11 
399500, 2.974209e-11 
400000, 2.974209e-11 
400500, 2.974209e-11 
401000, 2.974209e-11 
401500, 2.974209e-11 
402000, 2.974209e-11 
402500, 2.974209e-11 
403000, 2.974209e-11 
403500, 2.974209e-11 
404000, 2.974209e-11 
404500, 2.974209e-11 
405000, 2.974209e-11 
405500, 2.974209e-11 
406000, 2.974209e-11 
406500, 2.974209e-11 
407000, 2.974209e-11 
407500, 2.974209e-11 
408000, 2.974209e-11 
408500, 2.974209e-11 
409000, 2.974209e-11 
409500, 2.974209e-11 
410000, 2.974209e-11 
410500, 2.974209e-11 
411000, 2.974209e-11 
411500, 2.974209e-11 
412000, 2.974209e-11 
412500, 2.974209e-11 
413000, 2.974209e-11 
413500, 2.974209e-11 
414000, 2.974209e-11 
414500, 2.974209e-11 
415000, 2.974209e-11 
415500, 2.974209e-11 
416000, 2.974209e-11 
416500, 2.974209e-11 
417000, 2.974209e-11 
417500, 2.974209e-11 
418000, 2.974209e-11 
418500, 2.974209e-11 
419000, 2.974209e-11 
419500, 2.974209e-11 
420000, 2.974209e-11 
420500, 2.974209e-11 
421000, 2.974209e-11 
421500, 2.974209e-11 
422000, 2.974209e-11 
422500, 2.974209e-11 
423000, 2.974209e-11 
423500, 2.974209e-11 
424000, 2.974209e-11 
424500, 2.974209e-11 
425000, 2.974209e-11 
425500, 2.974209e-11 
426000, 2.974209e-11 
426500, 2.974209e-11 
427000, 2.974210e-11 
427500, 2.974210e-11 
428000, 2.974210e-11 
428500, 2.974210e-11 
429000, 2.974210e-11 
429500, 2.974210e-11 
430000, 2.974210e-11 
430500, 2.974210e-11 
431000, 2.974210e-11 
431500, 2.974210e-11 
432000, 2.974210e-11 
432500, 2.974210e-11 
433000, 2.974210e-11 
433500, 2.974210e-11 
434000, 2.974210e-11 
434500, 2.974210e-11 
435000, 2.974210e-11 
435500, 2.974210e-11 
436000, 2.974210e-11 
436500, 2.974210e-11 
437000, 2.974210e-11 
437500, 2.974210e-11 
438000, 2.974210e-11 
438500, 2.974210e-11 
439000, 2.974210e-11 
439500, 2.974210e-11 
440000, 2.974210e-11 
440500, 2.974240e-11 
441000, 2.974240e-11 
441500, 2.974240e-11 
442000, 2.974240e-11 
442500, 2.974240e-11 
443000, 2.974240e-11 
443500, 2.974240e-11 
444000, 2.974240e-11 
444500, 2.974240e-11 
445000, 2.974240e-11 
445500, 2.974240e-11 
446000, 2.974240e-11 
446500, 2.974240e-11 
447000, 2.974240e-11 
447500, 2.974240e-11 
448000, 2.974240e-11 
448500, 2.974240e-11 
449000, 2.974240e-11 
449500, 2.974240e-11 
450000, 2.974240e-11 
450500, 2.974240e-11 
451000, 2.974240e-11 
451500, 2.974240e-11 
452000, 2.974240e-11 
452500, 2.974240e-11 
453000, 2.974240e-11 
453500, 2.974240e-11 
454000, 2.974240e-11 
454500, 2.974240e-11 
455000, 2.974240e-11 
455500, 2.974240e-11 
456000, 2.974240e-11 
456500, 2.974240e-11 
457000, 2.974240e-11 
457500, 2.974240e-11 
458000, 2.974240e-11 
458500, 2.974240e-11 
459000, 2.974240e-11 
459500, 2.974240e-11 
460000, 2.974240e-11 
460500, 2.974240e-11 
461000, 2.974240e-11 
461500, 2.974240e-11 
462000, 2.974240e-11 
462500, 2.974240e-11 
463000, 2.974240e-11 
463500, 2.974240e-11 
464000, 2.974240e-11 
464500, 2.974240e-11 
465000, 2.974240e-11 
465500, 2.974240e-11 
466000, 2.974240e-11 
466500, 2.974240e-11 
467000, 2.974240e-11 
467500, 2.974239e-11 
468000, 2.974239e-11 
468500, 2.974239e-11 
469000, 2.974239e-11 
469500, 2.974239e-11 
470000, 2.974239e-11 
470500, 2.974239e-11 
471000, 2.974239e-11 
471500, 2.974239e-11 
472000, 2.974239e-11 
472500, 2.974239e-11 
473000, 2.974239e-11 
473500, 2.974239e-11 
474000, 2.974239e-11 
474500, 2.974239e-11 
475000, 2.974239e-11 
475500, 2.974239e-11 
476000, 2.974239e-11 
476500, 2.974239e-11 
477000, 2.974239e-11 
477500, 2.974239e-11 
478000, 2.974239e-11 
478500, 2.974239e-11 
479000, 2.974239e-11 
479500, 2.974239e-11 
480000, 2.974239e-11 
500, 0.000000e+00 
1000, 0.000000e+00 
1500, 0.000000e+00 
2000, 0.000000e+00 
2500, 0.000000e+00 
3000, 0.000000e+00 
3500, 0.000000e+00 
4000, 0.000000e+00 
4500, 0.000000e+00 
5000, 0.000000e+00 
5500, 0.000000e+00 
6000, 0.000000e+00 
6500, 0.000000e+00 
7000, 0.000000e+00 
7500, 0.000000e+00 
8000, 0.000000e+00 
8500, 0.000000e+00 
9000, 0.000000e+00 
9500, 0.000000e+00 
10000, 0.000000e+00 
10500, 0.000000e+00 
11000, 0.000000e+00 
11500, 0.000000e+00 
12000, 0.000000e+00 
12500, 0.000000e+00 
13000, 0.000000e+00 
13500, 0.000000e+00 
14000, 0.000000e+00 
14500, 0.000000e+00 
15000, 0.000000e+00 
15500, 0.000000e+00 
16000, 0.000000e+00 
16500, 0.000000e+00 
17000, 0.000000e+00 
17500, 0.000000e+00 
18000, 0.000000e+00 
18500, 0.000000e+00 
19000, 0.000000e+00 
19500, 0.000000e+00 
20000, 0.000000e+00 
20500, 1.554105e-35 
21000, 6.235139e-35 
21500, 1.404312e-34 
22000, 2.497804e-34 
22500, 3.903990e-34 
23000, 5.622871e-34 
23500, 7.654446e-34 
24000, 9.998715e-34 
24500, 1.265568e-33 
25000, 1.562534e-33 
25500, 1.890769e-33 
26000, 2.250274e-33 
26500, 2.641048e-33 
27000, 3.063091e-33 
27500, 3.516404e-33 
28000, 4.000986e-33 
28500, 4.516838e-33 
29000, 5.063960e-33 
29500, 5.642350e-33 
30000, 6.252010e-33 
30500, 6.892940e-33 
31000, 7.565139e-33 
31500, 8.268607e-33 
32000, 9.003345e-33 
32500, 9.769352e-33 
33000, 1.056663e-32 
33500, 1.139518e-32 
34000, 1.225499e-32 
34500, 1.314608e-32 
35000, 1.406843e-32 
35500, 1.502205e-32 
36000, 1.600695e-32 
36500, 1.702311e-32 
37000, 1.807054e-32 
37500, 1.914924e-32 
38000, 2.025921e-32 
38500, 2.140046e-32 
39000, 2.257297e-32 
39500, 2.377674e-32 
40000, 2.501179e-32 
40500, 4.864113e-13 
41000, 4.864113e-13 
41500, 4.864114e-13 
42000, 4.864114e-13 
42500, 4.864115e-13 
43000, 4.864116e-13 
43500, 4.864116e-13 
44000, 4.864118e-13 
44500, 4.864119e-13 
45000, 4.864120e-13 
45500, 4.864122e-13 
46000, 4.864123e-13 
46500, 4.864125e-13 
47000, 4.864127e-13 
47500, 4.864129e-13 
48000, 4.864131e-13 
48500, 4.864134e-13 
49000, 4.864136e-13 
49500, 4.864139e-13 
50000, 4.864142e-13 
50500, 4.864145e-13 
51000, 4.864148e-13 
51500, 4.864151e-13 
52000, 4.864155e-13 
52500, 4.864158e-13 
53000, 4.864162e-13 
53500, 4.864166e-13 
54000, 4.864169e-13 
54500, 4.864174e-13 
55000, 4.864178e-13 
55500, 4.864182e-13 
56000, 4.864187e-13 
56500, 4.864191e-13 
57000, 4.864196e-13 
57500, 4.864201e-13 
58000, 4.864206e-13 
58500, 4.864211e-13 
59000, 4.864217e-13 
59500, 4.864222e-13 
60000, 4.864228e-13 
60500, 1.260238e-12 
61000, 1.260239e-12 
61500, 1.260240e-12 
62000, 1.260241e-12 
62500, 1.260242e-12 
63000, 1.260243e-12 
63500, 1.260244e-12 
64000, 1.260245e-12 
64500, 1.260247e-12 
65000, 1.260248e-12 
65500, 1.260249e-12 
66000, 1.260251e-12 
66500, 1.260253e-12 
67000, 1.260254e-12 
67500, 1.260256e-12 
68000, 1.260258e-12 
68500, 1.260260e-12 
69000, 1.260262e-12 
69500, 1.260264e-12 
70000, 1.260267e-12 
70500, 1.260269e-12 
71000, 1.260272e-12 
71500, 1.260274e-12 
72000, 1.260277e-12 
72500, 1.260279e-12 
73000, 1.260282e-12 
73500, 1.260285e-12 
74000, 1.260288e-12 
74500, 1.260291e-12 
75000, 1.260294e-12 
75500, 1.260297e-12 
76000, 1.260301e-12 
76500, 1.260304e-12 
77000, 1.260308e-12 
77500, 1.260311e-12 
78000, 1.260315e-12 
78500, 1.260318e-12 
79000, 1.260322e-12 
79500, 1.260326e-12 
80000, 1.260330e-12 
